{
  "skins": [
    {
      "localization_name": "piglin",
      "geometry": "geometry.piglin",
      "texture": "piglin.png",
      "type": "Free"
    },
    {
      "localization_name": "zombie_piglin",
      "geometry": "geometry.piglin",
      "texture": "zombie_piglin.png",
      "type": "Free"
    },
    {
      "localization_name": "bee",
      "geometry": "geometry.bee",
      "texture": "bee.png",
      "type": "Free"
    },
    {
      "localization_name": "bee_angry",
      "geometry": "geometry.bee",
      "texture": "bee_angry.png",
      "type": "Free"
    },
    {
      "localization_name": "bee_nectar",
      "geometry": "geometry.bee",
      "texture": "bee_nectar.png",
      "type": "Free"
    },
    {
      "localization_name": "bee_angry_nectar",
      "geometry": "geometry.bee",
      "texture": "bee_angry_nectar.png",
      "type": "Free"
    },
    {
      "localization_name": "DevSteve",
      "geometry": "geometry.humanoid.custom",
      "texture": "steve_dev.png",
      "type": "Free"
    },
    {
      "localization_name": "DevAlex",
      "geometry": "geometry.humanoid.customSlim",
      "texture": "alex_dev.png",
      "type": "Free"
    },
    {
      "localization_name": "OceanEngineer",
      "geometry": "geometry.humanoid.custom",
      "texture": "MCOceanEngineer.png",
      "type": "Free"
    },
    {
      "localization_name": "ForestFighter",
      "geometry": "geometry.humanoid.custom",
      "texture": "MCForestFighter.png",
      "type": "Free"
    },
    {
      "localization_name": "IcePioneer",
      "geometry": "geometry.humanoid.custom",
      "texture": "MCIcePioneer.png",
      "type": "Free"
    },
    {
      "localization_name": "MesaArtisan",
      "geometry": "geometry.humanoid.custom",
      "texture": "MCMesaArtisan.png",
      "type": "Free"
    },
    {
      "localization_name": "SteveCake",
      "geometry": "geometry.humanoid.custom",
      "texture": "MCSteveCake.png",
      "type": "Free"
    },
    {
      "localization_name": "AlexGlobe",
      "geometry": "geometry.humanoid.customSlim",
      "texture": "MCAlexGlobe.png",
      "type": "Free"
    },
    {
      "localization_name": "SheepBlue",
      "geometry": "geometry.humanoid.custom",
      "texture": "MCSheepBlue.png",
      "type": "Free"
    },
    {
      "localization_name": "CardboardCos",
      "geometry": "geometry.humanoid.custom",
      "texture": "MCCardboardCos.png",
      "type": "Free"
    },
    {
      "localization_name": "PartyAlex",
      "geometry": "geometry.humanoid.customSlim",
      "texture": "MCPartyAlex.png",
      "type": "Free"
    },
    {
      "localization_name": "PartySteve",
      "geometry": "geometry.humanoid.custom",
      "texture": "MCPartySteve.png",
      "type": "Free"
    },
    {
      "localization_name": "Pinata",
      "geometry": "geometry.humanoid.custom",
      "texture": "MCPinata.png",
      "type": "Free"
    },
    {
      "localization_name": "CreeperCos",
      "geometry": "geometry.humanoid.custom",
      "texture": "MCCreeperCos.png",
      "type": "Free"
    },
    {
      "localization_name": "MojangNotch",
      "geometry": "geometry.humanoid.custom",
      "texture": "notch.png",
      "cape": "skin_packs/KeeCapes/MojangCape.png",
      "type": "Free"
    },
    {
      "localization_name": "Mojang1",
      "geometry": "geometry.humanoid.custom",
      "texture": "skin_1.png",
      "cape": "skin_packs/KeeCapes/MojangCape.png",
      "type": "Free"
    },
    {
      "localization_name": "Mojang2",
      "geometry": "geometry.humanoid.custom",
      "texture": "skin_2.png",
      "cape": "skin_packs/KeeCapes/MojangCape.png",
      "type": "Free"
    },
    {
      "localization_name": "Mojang20161",
      "geometry": "geometry.humanoid.custom",
      "texture": "skin_1.png",
      "cape": "skin_packs/KeeCapes/MojangCape2016.png",
      "type": "Free"
    },
    {
      "localization_name": "Mojang20162",
      "geometry": "geometry.humanoid.custom",
      "texture": "skin_2.png",
      "cape": "skin_packs/KeeCapes/MojangCape2016.png",
      "type": "Free"
    },
    {
      "localization_name": "Xmas20101",
      "geometry": "geometry.humanoid.custom",
      "texture": "skin_1.png",
      "cape": "skin_packs/KeeCapes/XmasCape.png",
      "type": "Free"
    },
    {
      "localization_name": "Xmas20102",
      "geometry": "geometry.humanoid.custom",
      "texture": "skin_2.png",
      "cape": "skin_packs/KeeCapes/XmasCape.png",
      "type": "Free"
    },
    {
      "localization_name": "NewYear20111",
      "geometry": "geometry.humanoid.custom",
      "texture": "skin_1.png",
      "cape": "skin_packs/KeeCapes/NewYear2011.png",
      "type": "Free"
    },
    {
      "localization_name": "NewYear20112",
      "geometry": "geometry.humanoid.custom",
      "texture": "skin_2.png",
      "cape": "skin_packs/KeeCapes/NewYear2011.png",
      "type": "Free"
    },
    {
      "localization_name": "BirthdayCape20131",
      "geometry": "geometry.humanoid.custom",
      "texture": "skin_1.png",
      "cape": "skin_packs/KeeCapes/BirthdayCape2013.png",
      "type": "Free"
    },
    {
      "localization_name": "BirthdayCape20132",
      "geometry": "geometry.humanoid.custom",
      "texture": "skin_2.png",
      "cape": "skin_packs/KeeCapes/BirthdayCape2013.png",
      "type": "Free"
    },
    {
      "localization_name": "Minecon20111",
      "geometry": "geometry.humanoid.custom",
      "texture": "skin_1.png",
      "cape": "skin_packs/KeeCapes/MC2011Cape.png",
      "type": "Free"
    },
    {

      "localization_name": "Minecon20112",
      "geometry": "geometry.humanoid.custom",
      "texture": "skin_2.png",
      "cape": "skin_packs/KeeCapes/MC2011Cape.png",
      "type": "Free"
    },
    {
      "localization_name": "MineconBlue1",
      "geometry": "geometry.humanoid.custom",
      "texture": "skin_1.png",
      "cape": "skin_packs/KeeCapes/MC2011CapeBlue.png",
      "type": "Free"
    },
    {
      "localization_name": "MineconBlue2",
      "geometry": "geometry.humanoid.custom",
      "texture": "skin_2.png",
      "cape": "skin_packs/KeeCapes/MC2011CapeBlue.png",
      "type": "Free"
    },
    {
      "localization_name": "Minecon20121",
      "geometry": "geometry.humanoid.custom",
      "texture": "skin_1.png",
      "cape": "skin_packs/KeeCapes/MC2012Cape.png",
      "type": "Free"
    },
    {
      "localization_name": "Minecon20122",
      "geometry": "geometry.humanoid.custom",
      "texture": "skin_2.png",
      "cape": "skin_packs/KeeCapes/MC2012Cape.png",
      "type": "Free"
    },
    {
      "localization_name": "Minecon20131",
      "geometry": "geometry.humanoid.custom",
      "texture": "skin_1.png",
      "cape": "skin_packs/KeeCapes/MC2013Cape.png",
      "type": "Free"
    },
    {
      "localization_name": "Minecon20132",
      "geometry": "geometry.humanoid.custom",
      "texture": "skin_2.png",
      "cape": "skin_packs/KeeCapes/MC2013Cape.png",
      "type": "Free"
    },
    {
      "localization_name": "Minecon20151",
      "geometry": "geometry.humanoid.custom",
      "texture": "skin_1.png",
      "cape": "skin_packs/KeeCapes/MC2015Cape.png",
      "type": "Free"
    },
    {
      "localization_name": "Minecon20152",
      "geometry": "geometry.humanoid.custom",
      "texture": "skin_2.png",
      "cape": "skin_packs/KeeCapes/MC2015Cape.png",
      "type": "Free"
    },
    {
      "localization_name": "Minecon20161",
      "geometry": "geometry.humanoid.custom",
      "texture": "skin_1.png",
      "cape": "skin_packs/KeeCapes/MC2016Cape.png",
      "type": "Free"
    },
    {
      "localization_name": "Minecon20162",
      "geometry": "geometry.humanoid.custom",
      "texture": "skin_2.png",
      "cape": "skin_packs/KeeCapes/MC2016Cape.png",
      "type": "Free"
    },
    {
      "localization_name": "MineconUnused11",
      "geometry": "geometry.humanoid.custom",
      "texture": "skin_1.png",
      "cape": "skin_packs/KeeCapes/MCUnusedCape1.png",
      "type": "Free"
    },
    {
      "localization_name": "MineconUnused12",
      "geometry": "geometry.humanoid.custom",
      "texture": "skin_2.png",
      "cape": "skin_packs/KeeCapes/MCUnusedCape1.png",
      "type": "Free"
    },
    {
      "localization_name": "MineconUnused21",
      "geometry": "geometry.humanoid.custom",
      "texture": "skin_1.png",
      "cape": "skin_packs/KeeCapes/MCUnusedCape2.png",
      "type": "Free"
    },
    {
      "localization_name": "MineconUnused22",
      "geometry": "geometry.humanoid.custom",
      "texture": "skin_2.png",
      "cape": "skin_packs/KeeCapes/MCUnusedCape2.png",
      "type": "Free"
    },
    {
      "localization_name": "MineconUnused31",
      "geometry": "geometry.humanoid.custom",
      "texture": "skin_1.png",
      "cape": "skin_packs/KeeCapes/MCUnusedCape3.png",
      "type": "Free"
    },
    {
      "localization_name": "MineconUnused32",
      "geometry": "geometry.humanoid.custom",
      "texture": "skin_2.png",
      "cape": "skin_packs/KeeCapes/MCUnusedCape3.png",
      "type": "Free"
    },
    {
      "localization_name": "Minecon20191",
      "geometry": "geometry.humanoid.custom",
      "texture": "skin_1.png",
      "cape": "skin_packs/KeeCapes/MCLive2019Cape.png",
      "type": "Free"
    },
    {
      "localization_name": "Minecon20192",
      "geometry": "geometry.humanoid.custom",
      "texture": "skin_2.png",
      "cape": "skin_packs/KeeCapes/MCLive2019Cape.png",
      "type": "Free"
    },
    {
      "localization_name": "Pancape1",
      "geometry": "geometry.humanoid.custom",
      "texture": "skin_1.png",
      "cape": "skin_packs/KeeCapes/PancapeCape.png",
      "type": "Free"
    },
    {
      "localization_name": "Pancape2",
      "geometry": "geometry.humanoid.custom",
      "texture": "skin_2.png",
      "cape": "skin_packs/KeeCapes/PancapeCape.png",
      "type": "Free"
    },
    {
      "localization_name": "Custom11",
      "geometry": "geometry.humanoid.custom",
      "texture": "skin_1.png",
      "cape": "skin_packs/KeeCapes/CustomCape_1.png",
      "type": "Free"
    },
    {        
      "localization_name": "Custom12",
      "geometry": "geometry.humanoid.custom",
      "texture": "skin_2.png",
      "cape": "skin_packs/KeeCapes/CustomCape_1.png",
      "type": "Free"
    },
    {        
      "localization_name": "Custom21",
      "geometry": "geometry.humanoid.custom",
      "texture": "skin_1.png",
      "cape": "skin_packs/KeeCapes/CustomCape_2.png",
      "type": "Free"
    },
    {
      "localization_name": "Custom22",
      "geometry": "geometry.humanoid.custom",
      "texture": "skin_2.png",
      "cape": "skin_packs/KeeCapes/CustomCape_2.png",
      "type": "Free"
    },
    {
      "localization_name": "Custom31",
      "geometry": "geometry.humanoid.custom",
      "texture": "skin_1.png",
      "cape": "skin_packs/KeeCapes/CustomCape_3.png",
      "type": "Free"
    },
    {
      "localization_name": "Custom32",
      "geometry": "geometry.humanoid.custom",
      "texture": "skin_2.png",
      "cape": "skin_packs/KeeCapes/CustomCape_3.png",
      "type": "Free"
    },
    {
      "localization_name": "Millionth1",
      "geometry": "geometry.humanoid.custom",
      "texture": "skin_1.png",
      "cape": "skin_packs/KeeCapes/MillionthCustomerCape.png",
      "type": "Free"
    },
    {
      "localization_name": "Millionth2",
      "geometry": "geometry.humanoid.custom",
      "texture": "skin_2.png",
      "cape": "skin_packs/KeeCapes/MillionthCustomerCape.png",
      "type": "Free"
    },
    {
      "localization_name": "Realms1",
      "geometry": "geometry.humanoid.custom",
      "texture": "skin_1.png",
      "cape": "skin_packs/KeeCapes/RealmsMapmakerCape.png",
      "type": "Free"
    },
    {
      "localization_name": "Realms2",
      "geometry": "geometry.humanoid.custom",
      "texture": "skin_2.png",
      "cape": "skin_packs/KeeCapes/RealmsMapmakerCape.png",
      "type": "Free"
    },
    {
      "localization_name": "Prismarine1",
      "geometry": "geometry.humanoid.custom",
      "texture": "skin_1.png",
      "cape": "skin_packs/KeeCapes/Prismarine.png",
      "type": "Free"
    },
    {
      "localization_name": "Prismarine2",
      "geometry": "geometry.humanoid.custom",
      "texture": "skin_2.png",
      "cape": "skin_packs/KeeCapes/Prismarine.png",
      "type": "Free"
    },
    {
      "localization_name": "Scrolls1",
      "geometry": "geometry.humanoid.custom",
      "texture": "skin_1.png",
      "cape": "skin_packs/KeeCapes/ScrollsCape.png",
      "type": "Free"
    },
    {
      "localization_name": "Scrolls2",
      "geometry": "geometry.humanoid.custom",
      "texture": "skin_2.png",
      "cape": "skin_packs/KeeCapes/ScrollsCape.png",
      "type": "Free"
    },
    {
      "localization_name": "Earth1",
      "geometry": "geometry.humanoid.custom",
      "texture": "skin_1.png",
      "cape": "skin_packs/KeeCapes/Earth.png",
      "type": "Free"
    },
    {
      "localization_name": "Earth2",
      "geometry": "geometry.humanoid.custom",
      "texture": "skin_2.png",
      "cape": "skin_packs/KeeCapes/Earth.png",
      "type": "Free"
    },
    {
      "localization_name": "Portal1",
      "geometry": "geometry.humanoid.custom",
      "texture": "skin_1.png",
      "cape": "skin_packs/KeeCapes/Portal.png",
      "type": "Free"
    },
    {
      "localization_name": "Portal2",
      "geometry": "geometry.humanoid.custom",
      "texture": "skin_2.png",
      "cape": "skin_packs/KeeCapes/Portal.png",
      "type": "Free"
    },
    {
      "localization_name": "Skull1",
      "geometry": "geometry.humanoid.custom",
      "texture": "skin_1.png",
      "cape": "skin_packs/KeeCapes/Skull.png",
      "type": "Free"
    },
    {
      "localization_name": "Skull2",
      "geometry": "geometry.humanoid.custom",
      "texture": "skin_2.png",
      "cape": "skin_packs/KeeCapes/Skull.png",
      "type": "Free"
    },
    {
      "localization_name": "Trophy1",
      "geometry": "geometry.humanoid.custom",
      "texture": "skin_1.png",
      "cape": "skin_packs/KeeCapes/Trophy.png",
      "type": "Free"
    },
    {
      "localization_name": "Trophy2",
      "geometry": "geometry.humanoid.custom",
      "texture": "skin_2.png",
      "cape": "skin_packs/KeeCapes/Trophy.png",
      "type": "Free"
    },
    {
      "localization_name": "Turtle1",
      "geometry": "geometry.humanoid.custom",
      "texture": "skin_1.png",
      "cape": "skin_packs/KeeCapes/TurtleCape.png",
      "type": "Free"
    },
    {
      "localization_name": "Turtle2",
      "geometry": "geometry.humanoid.custom",
      "texture": "skin_2.png",
      "cape": "skin_packs/KeeCapes/TurtleCape.png",
      "type": "Free"
    },
    {
      "localization_name": "Ace1",
      "geometry": "geometry.humanoid.custom",
      "texture": "skin_1.png",
      "cape": "skin_packs/KeeCapes/AceCape.png",
      "type": "Free"
    },
    {
      "localization_name": "Ace2",
      "geometry": "geometry.humanoid.custom",
      "texture": "skin_2.png",
      "cape": "skin_packs/KeeCapes/AceCape.png",
      "type": "Free"
    },
    {
      "localization_name": "Scratch1",
      "geometry": "geometry.humanoid.custom",
      "texture": "skin_1.png",
      "cape": "skin_packs/KeeCapes/Scratch.png",
      "type": "Free"
    },
    {
      "localization_name": "Scratch2",
      "geometry": "geometry.humanoid.custom",
      "texture": "skin_2.png",
      "cape": "skin_packs/KeeCapes/Scratch.png",
      "type": "Free"
    },
    {
      "localization_name": "Optifine1",
      "geometry": "geometry.humanoid.custom",
      "texture": "skin_1.png",
      "cape": "skin_packs/KeeCapes/OptifineCape.png",
      "type": "Free"
    },
    {
      "localization_name": "Optifine2",
      "geometry": "geometry.humanoid.custom",
      "texture": "skin_2.png",
      "cape": "skin_packs/KeeCapes/OptifineCape.png",
      "type": "Free"
    },
    {
      "localization_name": "OptifineBlue1",
      "geometry": "geometry.humanoid.custom",
      "texture": "skin_1.png",
      "cape": "skin_packs/KeeCapes/OptifineCapeBlue.png",
      "type": "Free"
    },
    {
      "localization_name": "OptifineBlue2",
      "geometry": "geometry.humanoid.custom",
      "texture": "skin_2.png",
      "cape": "skin_packs/KeeCapes/OptifineCapeBlue.png",
      "type": "Free"
    },
    {
    }
  ],
  "serialize_localization_name": "KeeCapes",
  "localization_name": "KeeCapes"
}