{"treatment_store_button_content": {
    "type": "panel",
    "controls": [
      {
        "button_label@common_buttons.new_ui_binding_button_label": {
          "layer": 5
        }
      } ,{"blocks1":{ "type": "image","texture": "textures/ui/blocks1", "size": [33,34], "anchor_from": "bottom_left","anchor_to": "bottom_left","offset": [-10,4], "layer": 6, "uv_size": [33, 34], "uv": "@start.blocks1_animation", "disable_anim_fast_forward": true,"ignored": "(not $default_state)"}},{"blocks2":{ "type": "image","texture": "textures/ui/blocks2", "size": [33,34], "anchor_from": "bottom_left","anchor_to": "bottom_left","offset": [-10,4], "layer": 7, "uv_size": [33, 34], "uv": "@start.blocks2_animation", "disable_anim_fast_forward": true,"ignored": "$default_state"}},{"hardhat1":{ "type": "image","texture": "textures/ui/hardhat1", "size": [33,34], "anchor_from": "bottom_right","anchor_to": "bottom_right","offset": [4,4], "layer": 8, "uv_size": [33, 34], "uv": "@start.hardhat1_animation", "disable_anim_fast_forward": true,"ignored": "(not $default_state)"}},{"hardhat2":{ "type": "image","texture": "textures/ui/hardhat2", "size": [33,34], "anchor_from": "bottom_right","anchor_to": "bottom_right","offset": [4,4], "layer": 9, "uv_size": [33, 34], "uv": "@start.hardhat2_animation", "disable_anim_fast_forward": true,"ignored": "$default_state"}}
    ]
  },"blocks1_animation": {"anim_type": "flip_book", "initial_uv": [ 0, 0 ],"frame_count": 31, "frame_step": 33, "fps": 3, "reversible": false },"blocks2_animation": {"anim_type": "flip_book", "initial_uv": [ 0, 0 ],"frame_count": 1, "frame_step": 33, "fps": 1, "reversible": false },"hardhat1_animation": {"anim_type": "flip_book", "initial_uv": [ 0, 0 ],"frame_count": 31, "frame_step": 33, "fps": 3, "reversible": false },"hardhat2_animation": {"anim_type": "flip_book", "initial_uv": [ 0, 0 ],"frame_count": 20, "frame_step": 33, "fps": 3, "reversible": false },"treatment_store_button@common_buttons.light_content_button": {
    "size": [ "100% - 2px", "100% - 2px" ],
    "$pressed_button_name": "button.menu_store",
    "$button_text": "menu.store",
    "$button_content": "start.treatment_store_button_content",
    "$button_text_binding_type": "none",
    "$button_binding_condition": "none",
    "$button_text_grid_collection_name": "",
    "tts_inherit_siblings": true,
	"$button_pressed_offset": [0,0]
  },

  "store_button_stack@start.stacked_row": {	
	"controls": [
	  {
		"store_button@start.treatment_store_button": {
        "enabled": "(not $store_disabled)",
        "$default_button_texture": "textures/ui/treatment_button_borderless_light", 
        "$hover_button_texture": "textures/ui/treatment_button_borderless_lighthover",
        "$pressed_button_texture": "textures/ui/treatment_button_borderless_lightpressed",
        "$default_text_color": [1,1,1], 
        "$light_button_hover_text_color": [1.0,1.0,1.0],
        "$light_button_pressed_text_color": [1.0,1.0,1.0], 
        "$light_border_default_color": [0.075,0.075,0.075], 
        "$light_border_hover_color": [1.0,1.0,1.0], 
        "$light_border_pressed_color": [1.0,1.0,1.0],
		  "bindings": [
			{
			  "binding_name": "(not #has_marketplace_errors)",
			  "binding_name_override": "#visible"
			}
		  ]
		}
	  },
	  {
		"marketplace_error_button@common_buttons.dynamic_tooltip_notification_panel": {
		  "size": [ "100% - 2px", "100%" ],
		  "button_mappings": [
			{
			  "from_button_id": "button.menu_select",
			  "to_button_id": "button.menu_store_error",
			  "mapping_type": "pressed"
			},
			{
			  "to_button_id": "button.is_hovered",
			  "mapping_type": "pressed"
			}
		  ],
		  "consume_hover_events": false,
		  "focus_enabled": true,
		  "$dynamic_tooltip_button_visibility_binding_name": "#has_marketplace_errors",
		  "$tooltip_popup_visible_binding": "#marketplace_errors_tooltip_visible",
		  "$override_tooltip_popup_image": true,
		  "$tooltip_popup_override_image_panel": "start.store_error_image",
		  "$tooltip_text_binding_name": "#marketplace_error_text",
		  "$tool_tip_text_max_size": [ "300px", "default" ],
		  "$tooltip_panel_content": "start.store_error_content",
		  "bindings": [
			{
			  "binding_name": "#has_marketplace_errors",
			  "binding_name_override": "#visible"
			}
		  ]
		}
	  },
	  {
		"marketplace_error_icon@start.marketplace_error_icon": {
		  "anchor_from": "top_left",
		  "anchor_to": "top_left",
		  "offset": [ -2, 0 ],
		  "bindings": [
			{
			  "binding_name": "#has_marketplace_errors",
			  "binding_name_override": "#visible"
			}
		      ]
		    }
	          }
	        ]
              }
            }
          ]
        }
      }
    ]
  },
  "main_buttons_panel": {
    "type": "panel",
    "size": [
      150,
      "100%c"
    ],
    "controls": [
      {
        "stacked_rows": {
          "type": "stack_panel",
          "size": [
            "100%",
            "100%c"
          ],
          "anchor_from": "bottom_middle",
          "anchor_to": "bottom_middle",
          "controls": [
            {
              "stacked_row_0@start.stacked_row": {
                "ignored": "(not $play_button_visible)",
                "controls": [
                  {
                    "play_button@start.play_button": {}
                  }
                ]
              }
            },
            {
              "course@start.stacked_row": {
                "ignored": "$courses_ignored",
                "controls": [
                  {
                    "course_button@start.course_button": {}
                  }
                ]
              }
            },
            {
              "featured_world@start.stacked_row": {
                "ignored": "$featured_world_ignored",
                "controls": [
                  {
                    "featured_world_button@start.featured_world_button": {}
                  }
                ]
              }
            },
            {
              "stacked_row_2@start.stacked_row": {
                "ignored": "(not $trial or $use_single_column_for_buttons)",
                "controls": [
                  {
                    "stacked_columns": {
                      "type": "stack_panel",
                      "size": [
                        "100%",
                        "100%"
                      ],
                      "orientation": "horizontal",
                      "controls": [
                        {
                          "stacked_col_0": {
                            "type": "panel",
                            "size": [
                              "fill",
                              "100%"
                            ],
                            "controls": [
                              {
                                "settings_button@start.settings_button": {}
                              }
                            ]
                          }
                        },
                        {
                          "stacked_col_1": {
                            "type": "panel",
                            "size": [
                              "fill",
                              "100%"
                            ],
                            "ignored": "($store_ignored)",
                            "controls": [
                              {
                                "store_button@start.store_button": {
                                  "enabled": "(not $store_disabled)"
                                }
                              },
                              {
                                "update_icon@start.update_prompt_icon": {
                                  "size": [
                                    "52.38%y",
                                    15
                                  ],
                                  "offset": [
                                    -16,
                                    -6
                                  ],
                                  "bindings": [
                                    {
                                      "binding_name": "#update_icon_visible",
                                      "binding_name_override": "#visible",
                                      "binding_condition": "always"
                                    }
                                  ]
                                }
                              },
                              {
                                "new_offers_icon@start.new_offers_icon": {
                                  "offset": [
                                    8,
                                    -6
                                  ],
                                  "anchor_from": "top_right",
                                  "anchor_to": "top_right",
                                  "bindings": [
                                    {
                                      "binding_name": "#new_offers",
                                      "binding_name_override": "#visible"
                                    }
                                  ]
                                }
                              }
                            ]
                          }
                        }
                      ]
                    }
                  }
                ]
              }
            },
            {
              "settings@start.stacked_row": {
                "ignored": "($trial and not $use_single_column_for_buttons)",
                "controls": [
                  {
                    "settings_button@start.settings_button": {}
                  }
                ]
              }
            },
            {
              "switch_accounts_row@start.stacked_row": {
                "ignored": "$switch_accounts_ignored",
                "controls": [
                  {
                    "switch_accounts@start.switch_accounts_button": {}
                  }
                ]
              }
            },
            {
              "store@start.store_button_stack": {
                "ignored": "(($trial and not $use_single_column_for_buttons) or ($store_ignored))"
              }
            },
            {
              "buy_game@start.stacked_row": {
                "controls": [
                  {
                    "buy_game_button@start.buy_game_button": {}
                  }
                ],
                "bindings": [
                  {
                    "binding_name": "#buy_game_visible",
                    "binding_name_override": "#visible"
                  }
                ]
              }
            },
            {
              "launch_editions@start.stacked_row": {
                "ignored": "($trial or not $supports_launching_legacy_version)",
                "controls": [
                  {
                    "launch_editions_button@start.launch_editions_button": {}
                  }
                ],
                "bindings": [
                  {
                    "binding_name": "#editions_visible",
                    "binding_name_override": "#visible"
                  }
                ]
              }
            }
          ]
        }
      }
    ]
  }
}