{ "frames": [
   {
    "filename": "Safari Explorers_hover bu 0.aseprite",
    "frame": { "x": 0, "y": 0, "w": 22, "h": 36 },
    "rotated": false,
    "trimmed": false,
    "spriteSourceSize": { "x": 0, "y": 0, "w": 20, "h": 34 },
    "sourceSize": { "w": 20, "h": 34 },
    "duration": 100
   },
   {
    "filename": "Safari Explorers_hover bu 1.aseprite",
    "frame": { "x": 0, "y": 0, "w": 22, "h": 36 },
    "rotated": false,
    "trimmed": false,
    "spriteSourceSize": { "x": 0, "y": 0, "w": 20, "h": 34 },
    "sourceSize": { "w": 20, "h": 34 },
    "duration": 100
   },
   {
    "filename": "Safari Explorers_hover bu 2.aseprite",
    "frame": { "x": 0, "y": 0, "w": 22, "h": 36 },
    "rotated": false,
    "trimmed": false,
    "spriteSourceSize": { "x": 0, "y": 0, "w": 20, "h": 34 },
    "sourceSize": { "w": 20, "h": 34 },
    "duration": 100
   },
   {
    "filename": "Safari Explorers_hover bu 3.aseprite",
    "frame": { "x": 0, "y": 0, "w": 22, "h": 36 },
    "rotated": false,
    "trimmed": false,
    "spriteSourceSize": { "x": 0, "y": 0, "w": 20, "h": 34 },
    "sourceSize": { "w": 20, "h": 34 },
    "duration": 100
   },
   {
    "filename": "Safari Explorers_hover bu 4.aseprite",
    "frame": { "x": 0, "y": 0, "w": 22, "h": 36 },
    "rotated": false,
    "trimmed": false,
    "spriteSourceSize": { "x": 0, "y": 0, "w": 20, "h": 34 },
    "sourceSize": { "w": 20, "h": 34 },
    "duration": 100
   },
   {
    "filename": "Safari Explorers_hover bu 5.aseprite",
    "frame": { "x": 22, "y": 0, "w": 22, "h": 36 },
    "rotated": false,
    "trimmed": false,
    "spriteSourceSize": { "x": 0, "y": 0, "w": 20, "h": 34 },
    "sourceSize": { "w": 20, "h": 34 },
    "duration": 100
   },
   {
    "filename": "Safari Explorers_hover bu 6.aseprite",
    "frame": { "x": 44, "y": 0, "w": 22, "h": 36 },
    "rotated": false,
    "trimmed": false,
    "spriteSourceSize": { "x": 0, "y": 0, "w": 20, "h": 34 },
    "sourceSize": { "w": 20, "h": 34 },
    "duration": 100
   },
   {
    "filename": "Safari Explorers_hover bu 7.aseprite",
    "frame": { "x": 44, "y": 0, "w": 22, "h": 36 },
    "rotated": false,
    "trimmed": false,
    "spriteSourceSize": { "x": 0, "y": 0, "w": 20, "h": 34 },
    "sourceSize": { "w": 20, "h": 34 },
    "duration": 100
   },
   {
    "filename": "Safari Explorers_hover bu 8.aseprite",
    "frame": { "x": 66, "y": 0, "w": 22, "h": 36 },
    "rotated": false,
    "trimmed": false,
    "spriteSourceSize": { "x": 0, "y": 0, "w": 20, "h": 34 },
    "sourceSize": { "w": 20, "h": 34 },
    "duration": 100
   },
   {
    "filename": "Safari Explorers_hover bu 9.aseprite",
    "frame": { "x": 88, "y": 0, "w": 22, "h": 36 },
    "rotated": false,
    "trimmed": false,
    "spriteSourceSize": { "x": 0, "y": 0, "w": 20, "h": 34 },
    "sourceSize": { "w": 20, "h": 34 },
    "duration": 100
   },
   {
    "filename": "Safari Explorers_hover bu 10.aseprite",
    "frame": { "x": 88, "y": 0, "w": 22, "h": 36 },
    "rotated": false,
    "trimmed": false,
    "spriteSourceSize": { "x": 0, "y": 0, "w": 20, "h": 34 },
    "sourceSize": { "w": 20, "h": 34 },
    "duration": 100
   },
   {
    "filename": "Safari Explorers_hover bu 11.aseprite",
    "frame": { "x": 88, "y": 0, "w": 22, "h": 36 },
    "rotated": false,
    "trimmed": false,
    "spriteSourceSize": { "x": 0, "y": 0, "w": 20, "h": 34 },
    "sourceSize": { "w": 20, "h": 34 },
    "duration": 100
   },
   {
    "filename": "Safari Explorers_hover bu 12.aseprite",
    "frame": { "x": 88, "y": 0, "w": 22, "h": 36 },
    "rotated": false,
    "trimmed": false,
    "spriteSourceSize": { "x": 0, "y": 0, "w": 20, "h": 34 },
    "sourceSize": { "w": 20, "h": 34 },
    "duration": 100
   },
   {
    "filename": "Safari Explorers_hover bu 13.aseprite",
    "frame": { "x": 88, "y": 0, "w": 22, "h": 36 },
    "rotated": false,
    "trimmed": false,
    "spriteSourceSize": { "x": 0, "y": 0, "w": 20, "h": 34 },
    "sourceSize": { "w": 20, "h": 34 },
    "duration": 100
   },
   {
    "filename": "Safari Explorers_hover bu 14.aseprite",
    "frame": { "x": 88, "y": 0, "w": 22, "h": 36 },
    "rotated": false,
    "trimmed": false,
    "spriteSourceSize": { "x": 0, "y": 0, "w": 20, "h": 34 },
    "sourceSize": { "w": 20, "h": 34 },
    "duration": 100
   },
   {
    "filename": "Safari Explorers_hover bu 15.aseprite",
    "frame": { "x": 110, "y": 0, "w": 22, "h": 36 },
    "rotated": false,
    "trimmed": false,
    "spriteSourceSize": { "x": 0, "y": 0, "w": 20, "h": 34 },
    "sourceSize": { "w": 20, "h": 34 },
    "duration": 100
   },
   {
    "filename": "Safari Explorers_hover bu 16.aseprite",
    "frame": { "x": 132, "y": 0, "w": 22, "h": 36 },
    "rotated": false,
    "trimmed": false,
    "spriteSourceSize": { "x": 0, "y": 0, "w": 20, "h": 34 },
    "sourceSize": { "w": 20, "h": 34 },
    "duration": 100
   },
   {
    "filename": "Safari Explorers_hover bu 17.aseprite",
    "frame": { "x": 132, "y": 0, "w": 22, "h": 36 },
    "rotated": false,
    "trimmed": false,
    "spriteSourceSize": { "x": 0, "y": 0, "w": 20, "h": 34 },
    "sourceSize": { "w": 20, "h": 34 },
    "duration": 100
   },
   {
    "filename": "Safari Explorers_hover bu 18.aseprite",
    "frame": { "x": 154, "y": 0, "w": 22, "h": 36 },
    "rotated": false,
    "trimmed": false,
    "spriteSourceSize": { "x": 0, "y": 0, "w": 20, "h": 34 },
    "sourceSize": { "w": 20, "h": 34 },
    "duration": 100
   },
   {
    "filename": "Safari Explorers_hover bu 19.aseprite",
    "frame": { "x": 154, "y": 0, "w": 22, "h": 36 },
    "rotated": false,
    "trimmed": false,
    "spriteSourceSize": { "x": 0, "y": 0, "w": 20, "h": 34 },
    "sourceSize": { "w": 20, "h": 34 },
    "duration": 100
   },
   {
    "filename": "Safari Explorers_hover bu 20.aseprite",
    "frame": { "x": 132, "y": 0, "w": 22, "h": 36 },
    "rotated": false,
    "trimmed": false,
    "spriteSourceSize": { "x": 0, "y": 0, "w": 20, "h": 34 },
    "sourceSize": { "w": 20, "h": 34 },
    "duration": 100
   },
   {
    "filename": "Safari Explorers_hover bu 21.aseprite",
    "frame": { "x": 132, "y": 0, "w": 22, "h": 36 },
    "rotated": false,
    "trimmed": false,
    "spriteSourceSize": { "x": 0, "y": 0, "w": 20, "h": 34 },
    "sourceSize": { "w": 20, "h": 34 },
    "duration": 100
   },
   {
    "filename": "Safari Explorers_hover bu 22.aseprite",
    "frame": { "x": 110, "y": 0, "w": 22, "h": 36 },
    "rotated": false,
    "trimmed": false,
    "spriteSourceSize": { "x": 0, "y": 0, "w": 20, "h": 34 },
    "sourceSize": { "w": 20, "h": 34 },
    "duration": 100
   },
   {
    "filename": "Safari Explorers_hover bu 23.aseprite",
    "frame": { "x": 88, "y": 0, "w": 22, "h": 36 },
    "rotated": false,
    "trimmed": false,
    "spriteSourceSize": { "x": 0, "y": 0, "w": 20, "h": 34 },
    "sourceSize": { "w": 20, "h": 34 },
    "duration": 100
   },
   {
    "filename": "Safari Explorers_hover bu 24.aseprite",
    "frame": { "x": 88, "y": 0, "w": 22, "h": 36 },
    "rotated": false,
    "trimmed": false,
    "spriteSourceSize": { "x": 0, "y": 0, "w": 20, "h": 34 },
    "sourceSize": { "w": 20, "h": 34 },
    "duration": 100
   },
   {
    "filename": "Safari Explorers_hover bu 25.aseprite",
    "frame": { "x": 176, "y": 0, "w": 22, "h": 36 },
    "rotated": false,
    "trimmed": false,
    "spriteSourceSize": { "x": 0, "y": 0, "w": 20, "h": 34 },
    "sourceSize": { "w": 20, "h": 34 },
    "duration": 100
   },
   {
    "filename": "Safari Explorers_hover bu 26.aseprite",
    "frame": { "x": 0, "y": 0, "w": 22, "h": 36 },
    "rotated": false,
    "trimmed": false,
    "spriteSourceSize": { "x": 0, "y": 0, "w": 20, "h": 34 },
    "sourceSize": { "w": 20, "h": 34 },
    "duration": 100
   },
   {
    "filename": "Safari Explorers_hover bu 27.aseprite",
    "frame": { "x": 0, "y": 0, "w": 22, "h": 36 },
    "rotated": false,
    "trimmed": false,
    "spriteSourceSize": { "x": 0, "y": 0, "w": 20, "h": 34 },
    "sourceSize": { "w": 20, "h": 34 },
    "duration": 100
   },
   {
    "filename": "Safari Explorers_hover bu 28.aseprite",
    "frame": { "x": 0, "y": 0, "w": 22, "h": 36 },
    "rotated": false,
    "trimmed": false,
    "spriteSourceSize": { "x": 0, "y": 0, "w": 20, "h": 34 },
    "sourceSize": { "w": 20, "h": 34 },
    "duration": 100
   },
   {
    "filename": "Safari Explorers_hover bu 29.aseprite",
    "frame": { "x": 198, "y": 0, "w": 22, "h": 36 },
    "rotated": false,
    "trimmed": false,
    "spriteSourceSize": { "x": 0, "y": 0, "w": 20, "h": 34 },
    "sourceSize": { "w": 20, "h": 34 },
    "duration": 100
   },
   {
    "filename": "Safari Explorers_hover bu 30.aseprite",
    "frame": { "x": 44, "y": 0, "w": 22, "h": 36 },
    "rotated": false,
    "trimmed": false,
    "spriteSourceSize": { "x": 0, "y": 0, "w": 20, "h": 34 },
    "sourceSize": { "w": 20, "h": 34 },
    "duration": 100
   },
   {
    "filename": "Safari Explorers_hover bu 31.aseprite",
    "frame": { "x": 44, "y": 0, "w": 22, "h": 36 },
    "rotated": false,
    "trimmed": false,
    "spriteSourceSize": { "x": 0, "y": 0, "w": 20, "h": 34 },
    "sourceSize": { "w": 20, "h": 34 },
    "duration": 100
   },
   {
    "filename": "Safari Explorers_hover bu 32.aseprite",
    "frame": { "x": 22, "y": 0, "w": 22, "h": 36 },
    "rotated": false,
    "trimmed": false,
    "spriteSourceSize": { "x": 0, "y": 0, "w": 20, "h": 34 },
    "sourceSize": { "w": 20, "h": 34 },
    "duration": 100
   },
   {
    "filename": "Safari Explorers_hover bu 33.aseprite",
    "frame": { "x": 220, "y": 0, "w": 22, "h": 36 },
    "rotated": false,
    "trimmed": false,
    "spriteSourceSize": { "x": 0, "y": 0, "w": 20, "h": 34 },
    "sourceSize": { "w": 20, "h": 34 },
    "duration": 100
   },
   {
    "filename": "Safari Explorers_hover bu 34.aseprite",
    "frame": { "x": 242, "y": 0, "w": 22, "h": 36 },
    "rotated": false,
    "trimmed": false,
    "spriteSourceSize": { "x": 0, "y": 0, "w": 20, "h": 34 },
    "sourceSize": { "w": 20, "h": 34 },
    "duration": 100
   },
   {
    "filename": "Safari Explorers_hover bu 35.aseprite",
    "frame": { "x": 264, "y": 0, "w": 22, "h": 36 },
    "rotated": false,
    "trimmed": false,
    "spriteSourceSize": { "x": 0, "y": 0, "w": 20, "h": 34 },
    "sourceSize": { "w": 20, "h": 34 },
    "duration": 100
   },
   {
    "filename": "Safari Explorers_hover bu 36.aseprite",
    "frame": { "x": 286, "y": 0, "w": 22, "h": 36 },
    "rotated": false,
    "trimmed": false,
    "spriteSourceSize": { "x": 0, "y": 0, "w": 20, "h": 34 },
    "sourceSize": { "w": 20, "h": 34 },
    "duration": 100
   },
   {
    "filename": "Safari Explorers_hover bu 37.aseprite",
    "frame": { "x": 308, "y": 0, "w": 22, "h": 36 },
    "rotated": false,
    "trimmed": false,
    "spriteSourceSize": { "x": 0, "y": 0, "w": 20, "h": 34 },
    "sourceSize": { "w": 20, "h": 34 },
    "duration": 100
   },
   {
    "filename": "Safari Explorers_hover bu 38.aseprite",
    "frame": { "x": 330, "y": 0, "w": 22, "h": 36 },
    "rotated": false,
    "trimmed": false,
    "spriteSourceSize": { "x": 0, "y": 0, "w": 20, "h": 34 },
    "sourceSize": { "w": 20, "h": 34 },
    "duration": 100
   },
   {
    "filename": "Safari Explorers_hover bu 39.aseprite",
    "frame": { "x": 330, "y": 0, "w": 22, "h": 36 },
    "rotated": false,
    "trimmed": false,
    "spriteSourceSize": { "x": 0, "y": 0, "w": 20, "h": 34 },
    "sourceSize": { "w": 20, "h": 34 },
    "duration": 100
   },
   {
    "filename": "Safari Explorers_hover bu 40.aseprite",
    "frame": { "x": 330, "y": 0, "w": 22, "h": 36 },
    "rotated": false,
    "trimmed": false,
    "spriteSourceSize": { "x": 0, "y": 0, "w": 20, "h": 34 },
    "sourceSize": { "w": 20, "h": 34 },
    "duration": 100
   },
   {
    "filename": "Safari Explorers_hover bu 41.aseprite",
    "frame": { "x": 352, "y": 0, "w": 22, "h": 36 },
    "rotated": false,
    "trimmed": false,
    "spriteSourceSize": { "x": 0, "y": 0, "w": 20, "h": 34 },
    "sourceSize": { "w": 20, "h": 34 },
    "duration": 100
   },
   {
    "filename": "Safari Explorers_hover bu 42.aseprite",
    "frame": { "x": 0, "y": 0, "w": 22, "h": 36 },
    "rotated": false,
    "trimmed": false,
    "spriteSourceSize": { "x": 0, "y": 0, "w": 20, "h": 34 },
    "sourceSize": { "w": 20, "h": 34 },
    "duration": 100
   },
   {
    "filename": "Safari Explorers_hover bu 43.aseprite",
    "frame": { "x": 0, "y": 0, "w": 22, "h": 36 },
    "rotated": false,
    "trimmed": false,
    "spriteSourceSize": { "x": 0, "y": 0, "w": 20, "h": 34 },
    "sourceSize": { "w": 20, "h": 34 },
    "duration": 100
   },
   {
    "filename": "Safari Explorers_hover bu 44.aseprite",
    "frame": { "x": 0, "y": 0, "w": 22, "h": 36 },
    "rotated": false,
    "trimmed": false,
    "spriteSourceSize": { "x": 0, "y": 0, "w": 20, "h": 34 },
    "sourceSize": { "w": 20, "h": 34 },
    "duration": 100
   },
   {
    "filename": "Safari Explorers_hover bu 45.aseprite",
    "frame": { "x": 0, "y": 0, "w": 22, "h": 36 },
    "rotated": false,
    "trimmed": false,
    "spriteSourceSize": { "x": 0, "y": 0, "w": 20, "h": 34 },
    "sourceSize": { "w": 20, "h": 34 },
    "duration": 100
   },
   {
    "filename": "Safari Explorers_hover bu 46.aseprite",
    "frame": { "x": 0, "y": 0, "w": 22, "h": 36 },
    "rotated": false,
    "trimmed": false,
    "spriteSourceSize": { "x": 0, "y": 0, "w": 20, "h": 34 },
    "sourceSize": { "w": 20, "h": 34 },
    "duration": 100
   },
   {
    "filename": "Safari Explorers_hover bu 47.aseprite",
    "frame": { "x": 0, "y": 0, "w": 22, "h": 36 },
    "rotated": false,
    "trimmed": false,
    "spriteSourceSize": { "x": 0, "y": 0, "w": 20, "h": 34 },
    "sourceSize": { "w": 20, "h": 34 },
    "duration": 100
   },
   {
    "filename": "Safari Explorers_hover bu 48.aseprite",
    "frame": { "x": 0, "y": 0, "w": 22, "h": 36 },
    "rotated": false,
    "trimmed": false,
    "spriteSourceSize": { "x": 0, "y": 0, "w": 20, "h": 34 },
    "sourceSize": { "w": 20, "h": 34 },
    "duration": 100
   },
   {
    "filename": "Safari Explorers_hover bu 49.aseprite",
    "frame": { "x": 0, "y": 0, "w": 22, "h": 36 },
    "rotated": false,
    "trimmed": false,
    "spriteSourceSize": { "x": 0, "y": 0, "w": 20, "h": 34 },
    "sourceSize": { "w": 20, "h": 34 },
    "duration": 100
   },
   {
    "filename": "Safari Explorers_hover bu 50.aseprite",
    "frame": { "x": 0, "y": 0, "w": 22, "h": 36 },
    "rotated": false,
    "trimmed": false,
    "spriteSourceSize": { "x": 0, "y": 0, "w": 20, "h": 34 },
    "sourceSize": { "w": 20, "h": 34 },
    "duration": 100
   },
   {
    "filename": "Safari Explorers_hover bu 51.aseprite",
    "frame": { "x": 0, "y": 0, "w": 22, "h": 36 },
    "rotated": false,
    "trimmed": false,
    "spriteSourceSize": { "x": 0, "y": 0, "w": 20, "h": 34 },
    "sourceSize": { "w": 20, "h": 34 },
    "duration": 100
   },
   {
    "filename": "Safari Explorers_hover bu 52.aseprite",
    "frame": { "x": 0, "y": 0, "w": 22, "h": 36 },
    "rotated": false,
    "trimmed": false,
    "spriteSourceSize": { "x": 0, "y": 0, "w": 20, "h": 34 },
    "sourceSize": { "w": 20, "h": 34 },
    "duration": 100
   },
   {
    "filename": "Safari Explorers_hover bu 53.aseprite",
    "frame": { "x": 0, "y": 0, "w": 22, "h": 36 },
    "rotated": false,
    "trimmed": false,
    "spriteSourceSize": { "x": 0, "y": 0, "w": 20, "h": 34 },
    "sourceSize": { "w": 20, "h": 34 },
    "duration": 100
   },
   {
    "filename": "Safari Explorers_hover bu 54.aseprite",
    "frame": { "x": 0, "y": 0, "w": 22, "h": 36 },
    "rotated": false,
    "trimmed": false,
    "spriteSourceSize": { "x": 0, "y": 0, "w": 20, "h": 34 },
    "sourceSize": { "w": 20, "h": 34 },
    "duration": 100
   },
   {
    "filename": "Safari Explorers_hover bu 55.aseprite",
    "frame": { "x": 0, "y": 0, "w": 22, "h": 36 },
    "rotated": false,
    "trimmed": false,
    "spriteSourceSize": { "x": 0, "y": 0, "w": 20, "h": 34 },
    "sourceSize": { "w": 20, "h": 34 },
    "duration": 100
   }
 ],
 "meta": {
  "app": "http://www.aseprite.org/",
  "version": "1.2.28-x64",
  "image": "default06-sheet.png",
  "format": "RGBA8888",
  "size": { "w": 374, "h": 36 },
  "scale": "1",
  "frameTags": [
  ],
  "layers": [
   { "name": "giraff", "opacity": 255, "blendMode": "normal" },
   { "name": "jeep", "opacity": 255, "blendMode": "normal" },
   { "name": "material", "opacity": 255, "blendMode": "normal" },
   { "name": "explosion_smoke", "opacity": 255, "blendMode": "normal" },
   { "name": "vehicle maker", "opacity": 255, "blendMode": "normal" },
   { "name": "vehicle arm", "opacity": 255, "blendMode": "normal" },
   { "name": "vehicle maker monitor", "opacity": 255, "blendMode": "normal" },
   { "name": "npc arm 2", "opacity": 255, "blendMode": "normal" },
   { "name": "npc leg 2", "opacity": 255, "blendMode": "normal" },
   { "name": "npc body", "opacity": 255, "blendMode": "normal" },
   { "name": "npc leg 1", "opacity": 255, "blendMode": "normal" },
   { "name": "battery", "opacity": 255, "blendMode": "normal" },
   { "name": "npc arm 1", "opacity": 255, "blendMode": "normal" }
  ],
  "slices": [
  ]
 }
}
