{
  "skins": [
    {
      "localization_name": "DevSteve",
      "geometry": "geometry.humanoid.custom",
      "texture": "steve_dev.png",
      "type": "Free"
    },
    {
      "localization_name": "DevAlex",
      "geometry": "geometry.humanoid.customSlim",
      "texture": "alex_dev.png",
      "type": "Free"
    },
    {
      "localization_name": "OceanEngineer",
      "geometry": "geometry.humanoid.custom",
      "texture": "MCOceanEngineer.png",
      "type": "Free"
    },
    {
      "localization_name": "ForestFighter",
      "geometry": "geometry.humanoid.custom",
      "texture": "MCForestFighter.png",
      "type": "Free"
    },
    {
      "localization_name": "IcePioneer",
      "geometry": "geometry.humanoid.custom",
      "texture": "MCIcePioneer.png",
      "type": "Free"
    },
    {
      "localization_name": "MesaArtisan",
      "geometry": "geometry.humanoid.custom",
      "texture": "MCMesaArtisan.png",
      "type": "Free"
    },
    {
      "localization_name": "SteveCake",
      "geometry": "geometry.humanoid.custom",
      "texture": "MCSteveCake.png",
      "type": "Free"
    },
    {
      "localization_name": "AlexGlobe",
      "geometry": "geometry.humanoid.customSlim",
      "texture": "MCAlexGlobe.png",
      "type": "Free"
    },
    {
      "localization_name": "SheepBlue",
      "geometry": "geometry.humanoid.custom",
      "texture": "MCSheepBlue.png",
      "type": "Free"
    },
    {
      "localization_name": "CardboardCos",
      "geometry": "geometry.humanoid.custom",
      "texture": "MCCardboardCos.png",
      "type": "Free"
    },
    {
      "localization_name": "PartyAlex",
      "geometry": "geometry.humanoid.customSlim",
      "texture": "MCPartyAlex.png",
      "type": "Free"
    },
    {
      "localization_name": "PartySteve",
      "geometry": "geometry.humanoid.custom",
      "texture": "MCPartySteve.png",
      "type": "Free"
    },
    {
      "localization_name": "Pinata",
      "geometry": "geometry.humanoid.custom",
      "texture": "MCPinata.png",
      "type": "Free"
    },
    {
      "localization_name": "CreeperCos",
      "geometry": "geometry.humanoid.custom",
      "texture": "MCCreeperCos.png",
      "type": "Free"
    },
    {
      "localization_name": "Default1",
      "geometry": "geometry.humanoid.custom",
      "texture": "skin_1.png",
      "type": "Free"
    },
    {
      "localization_name": "InvisElytra1",
      "geometry": "geometry.humanoid.custom",
      "texture": "skin_1.png",
      "cape": "InvisibleElytra.png",
      "type": "Free"
    },
    {
      "localization_name": "Blank1",
      "geometry": "geometry.humanoid.custom",
      "texture": "skin_1.png",
      "cape": "Blank.png",
      "type": "Free"
    },
    {
      "localization_name": "MojangLegacy1",
      "geometry": "geometry.humanoid.custom",
      "texture": "skin_1.png",
      "cape": "MojangLegacy.png",
      "type": "Free"
    },
    {
      "localization_name": "MojangOld1",
      "geometry": "geometry.humanoid.custom",
      "texture": "skin_1.png",
      "cape": "MojangOld.png",
      "type": "Free"
    },
    {
      "localization_name": "MojangNew1",
      "geometry": "geometry.humanoid.custom",
      "texture": "skin_1.png",
      "cape": "MojangNew.png",
      "type": "Free"
    },
    {
      "localization_name": "Christmas20101",
      "geometry": "geometry.humanoid.custom",
      "texture": "skin_1.png",
      "cape": "Christmas2010.png",
      "type": "Free"
    },
    {
      "localization_name": "NewYear20111",
      "geometry": "geometry.humanoid.custom",
      "texture": "skin_1.png",
      "cape": "NewYear2011.png",
      "type": "Free"
    },
    {
      "localization_name": "MSXBLA1",
      "geometry": "geometry.humanoid.custom",
      "texture": "skin_1.png",
      "cape": "MSXBLA.png",
      "type": "Free"
    },
    {
      "localization_name": "Birthday11",
      "geometry": "geometry.humanoid.custom",
      "texture": "skin_1.png",
      "cape": "Birthday1.png",
      "type": "Free"
    },
    {
      "localization_name": "Birthday21",
      "geometry": "geometry.humanoid.custom",
      "texture": "skin_1.png",
      "cape": "Birthday2.png",
      "type": "Free"
    },
    {
      "localization_name": "Migrator1",
      "geometry": "geometry.humanoid.custom",
      "texture": "skin_1.png",
      "cape": "Migrator.png",
      "type": "Free"
    },
    {
      "localization_name": "Vanilla1",
      "geometry": "geometry.humanoid.custom",
      "texture": "skin_1.png",
      "cape": "Vanilla.png",
      "type": "Free"
    },
    {
      "localization_name": "Valentine1",
      "geometry": "geometry.humanoid.custom",
      "texture": "skin_1.png",
      "cape": "Valentine.png",
      "type": "Free"
    },
    {
      "localization_name": "Minecon20111",
      "geometry": "geometry.humanoid.custom",
      "texture": "skin_1.png",
      "cape": "Minecon2011.png",
      "type": "Free"
    },
    {
      "localization_name": "Minecon2011Green1",
      "geometry": "geometry.humanoid.custom",
      "texture": "skin_1.png",
      "cape": "Minecon2011Green.png",
      "type": "Free"
    },
    {
      "localization_name": "Minecon2011Blue1",
      "geometry": "geometry.humanoid.custom",
      "texture": "skin_1.png",
      "cape": "Minecon2011Blue.png",
      "type": "Free"
    },
    {
      "localization_name": "Minecon2011Brown1",
      "geometry": "geometry.humanoid.custom",
      "texture": "skin_1.png",
      "cape": "Minecon2011Brown.png",
      "type": "Free"
    },
    {
      "localization_name": "Minecon20121",
      "geometry": "geometry.humanoid.custom",
      "texture": "skin_1.png",
      "cape": "Minecon2012.png",
      "type": "Free"
    },
    {
      "localization_name": "Minecon20131",
      "geometry": "geometry.humanoid.custom",
      "texture": "skin_1.png",
      "cape": "Minecon2013.png",
      "type": "Free"
    },
    {
      "localization_name": "Minecon20151",
      "geometry": "geometry.humanoid.custom",
      "texture": "skin_1.png",
      "cape": "Minecon2015.png",
      "type": "Free"
    },
    {
      "localization_name": "Minecon20161",
      "geometry": "geometry.humanoid.custom",
      "texture": "skin_1.png",
      "cape": "Minecon2016.png",
      "type": "Free"
    },
    {
      "localization_name": "Minecon20191",
      "geometry": "geometry.humanoid.custom",
      "texture": "skin_1.png",
      "cape": "Minecon2019.png",
      "type": "Free"
    },
    {
      "localization_name": "Bacon1",
      "geometry": "geometry.humanoid.custom",
      "texture": "skin_1.png",
      "cape": "Bacon.png",
      "type": "Free"
    },
    {
      "localization_name": "MillionthSale1",
      "geometry": "geometry.humanoid.custom",
      "texture": "skin_1.png",
      "cape": "MillionthSale.png",
      "type": "Free"
    },
    {
      "localization_name": "Cobalt1",
      "geometry": "geometry.humanoid.custom",
      "texture": "skin_1.png",
      "cape": "Cobalt.png",
      "type": "Free"
    },
    {
      "localization_name": "MapMaker1",
      "geometry": "geometry.humanoid.custom",
      "texture": "skin_1.png",
      "cape": "MapMaker.png",
      "type": "Free"
    },
    {
      "localization_name": "Mojira1",
      "geometry": "geometry.humanoid.custom",
      "texture": "skin_1.png",
      "cape": "Mojira.png",
      "type": "Free"
    },
    {
      "localization_name": "Scrolls1",
      "geometry": "geometry.humanoid.custom",
      "texture": "skin_1.png",
      "cape": "Scrolls.png",
      "type": "Free"
    },
    {
      "localization_name": "MrMessiah1",
      "geometry": "geometry.humanoid.custom",
      "texture": "skin_1.png",
      "cape": "MrMessiah.png",
      "type": "Free"
    },
    {
      "localization_name": "JulianClark1",
      "geometry": "geometry.humanoid.custom",
      "texture": "skin_1.png",
      "cape": "JulianClark.png",
      "type": "Free"
    },
    {
      "localization_name": "Turtle1",
      "geometry": "geometry.humanoid.custom",
      "texture": "skin_1.png",
      "cape": "Turtle.png",
      "type": "Free"
    },
    {
      "localization_name": "cheapsh0t1",
      "geometry": "geometry.humanoid.custom",
      "texture": "skin_1.png",
      "cape": "cheapsh0t.png",
      "type": "Free"
    },
    {
      "localization_name": "dannyBstyle1",
      "geometry": "geometry.humanoid.custom",
      "texture": "skin_1.png",
      "cape": "dannyBstyle.png",
      "type": "Free"
    },
    {
      "localization_name": "Prismarine1",
      "geometry": "geometry.humanoid.custom",
      "texture": "skin_1.png",
      "cape": "Prismarine.png",
      "type": "Free"
    },
    {
      "localization_name": "Translator1",
      "geometry": "geometry.humanoid.custom",
      "texture": "skin_1.png",
      "cape": "Translator.png",
      "type": "Free"
    },
    {
      "localization_name": "ChineseTranslator1",
      "geometry": "geometry.humanoid.custom",
      "texture": "skin_1.png",
      "cape": "ChineseTranslator.png",
      "type": "Free"
    },
    {
      "localization_name": "Hero1",
      "geometry": "geometry.humanoid.custom",
      "texture": "skin_1.png",
      "cape": "Hero.png",
      "type": "Free"
    },
    {
      "localization_name": "RedRoyal1",
      "geometry": "geometry.humanoid.custom",
      "texture": "skin_1.png",
      "cape": "RedRoyal.png",
      "type": "Free"
    },
    {
      "localization_name": "Hammer1",
      "geometry": "geometry.humanoid.custom",
      "texture": "skin_1.png",
      "cape": "Hammer.png",
      "type": "Free"
    },
    {
      "localization_name": "Golem1",
      "geometry": "geometry.humanoid.custom",
      "texture": "skin_1.png",
      "cape": "Golem.png",
      "type": "Free"
    },
    {
      "localization_name": "Sinister1",
      "geometry": "geometry.humanoid.custom",
      "texture": "skin_1.png",
      "cape": "Sinister.png",
      "type": "Free"
    },
    {
      "localization_name": "Mystery1",
      "geometry": "geometry.humanoid.custom",
      "texture": "skin_1.png",
      "cape": "Mystery.png",
      "type": "Free"
    },
    {
      "localization_name": "Phantom1",
      "geometry": "geometry.humanoid.custom",
      "texture": "skin_1.png",
      "cape": "Phantom.png",
      "type": "Free"
    },
    {
      "localization_name": "Birthday31",
      "geometry": "geometry.humanoid.custom",
      "texture": "skin_1.png",
      "cape": "Birthday3.png",
      "type": "Free"
    },
    {
      "localization_name": "Downpour1",
      "geometry": "geometry.humanoid.custom",
      "texture": "skin_1.png",
      "cape": "Downpour.png",
      "type": "Free"
    },
    {
      "localization_name": "Prism1",
      "geometry": "geometry.humanoid.custom",
      "texture": "skin_1.png",
      "cape": "Prism.png",
      "type": "Free"
    },
    {
      "localization_name": "CloudyClimb1",
      "geometry": "geometry.humanoid.custom",
      "texture": "skin_1.png",
      "cape": "CloudyClimb.png",
      "type": "Free"
    },
    {
      "localization_name": "ToolboxLegacy1",
      "geometry": "geometry.humanoid.custom",
      "texture": "skin_1.png",
      "cape": "ToolboxLegacy.png",
      "type": "Free"
    },
    {
      "localization_name": "Toolbox1",
      "geometry": "geometry.humanoid.custom",
      "texture": "skin_1.png",
      "cape": "Toolbox.png",
      "type": "Free"
    },
    {
      "localization_name": "BlackButterfly1",
      "geometry": "geometry.humanoid.custom",
      "texture": "skin_1.png",
      "cape": "BlackButterfly.png",
      "type": "Free"
    },
    {
      "localization_name": "DarkCross1",
      "geometry": "geometry.humanoid.custom",
      "texture": "skin_1.png",
      "cape": "DarkCross.png",
      "type": "Free"
    },
    {
      "localization_name": "DayDream1",
      "geometry": "geometry.humanoid.custom",
      "texture": "skin_1.png",
      "cape": "DayDream.png",
      "type": "Free"
    },
    {
      "localization_name": "FakeWing1",
      "geometry": "geometry.humanoid.custom",
      "texture": "skin_1.png",
      "cape": "FakeWing.png",
      "type": "Free"
    },
    {
      "localization_name": "BlackL1",
      "geometry": "geometry.humanoid.custom",
      "texture": "skin_1.png",
      "cape": "BlackL.png",
      "type": "Free"
    },
    {
      "localization_name": "Orangest1",
      "geometry": "geometry.humanoid.custom",
      "texture": "skin_1.png",
      "cape": "Orangest.png",
      "type": "Free"
    },
    {
      "localization_name": "Chimera1",
      "geometry": "geometry.humanoid.custom",
      "texture": "skin_1.png",
      "cape": "Chimera.png",
      "type": "Free"
    },
    {
      "localization_name": "DarkblueL1",
      "geometry": "geometry.humanoid.custom",
      "texture": "skin_1.png",
      "cape": "DarkblueL.png",
      "type": "Free"
    },
    {
      "localization_name": "Double071",
      "geometry": "geometry.humanoid.custom",
      "texture": "skin_1.png",
      "cape": "Double07.png",
      "type": "Free"
    },
    {
      "localization_name": "WhiteSlash1",
      "geometry": "geometry.humanoid.custom",
      "texture": "skin_1.png",
      "cape": "WhiteSlash.png",
      "type": "Free"
    },
    {
      "localization_name": "GoldenHeart1",
      "geometry": "geometry.humanoid.custom",
      "texture": "skin_1.png",
      "cape": "GoldenHeart.png",
      "type": "Free"
    },
    {
      "localization_name": "KatanaSymbol1",
      "geometry": "geometry.humanoid.custom",
      "texture": "skin_1.png",
      "cape": "KatanaSymbol.png",
      "type": "Free"
    },
    {
      "localization_name": "Herz1",
      "geometry": "geometry.humanoid.custom",
      "texture": "skin_1.png",
      "cape": "Herz.png",
      "type": "Free"
    },
    {
      "localization_name": "BlackHeart1",
      "geometry": "geometry.humanoid.custom",
      "texture": "skin_1.png",
      "cape": "BlackHeart.png",
      "type": "Free"
    },
    {
      "localization_name": "BrownChicken1",
      "geometry": "geometry.humanoid.custom",
      "texture": "skin_1.png",
      "cape": "BrownChicken.png",
      "type": "Free"
    },
    {
      "localization_name": "CrownedClown1",
      "geometry": "geometry.humanoid.custom",
      "texture": "skin_1.png",
      "cape": "CrownedClown.png",
      "type": "Free"
    },
    {
      "localization_name": "Uchiha1",
      "geometry": "geometry.humanoid.custom",
      "texture": "skin_1.png",
      "cape": "Uchiha.png",
      "type": "Free"
    },
    {
      "localization_name": "Sunset1",
      "geometry": "geometry.humanoid.custom",
      "texture": "skin_1.png",
      "cape": "Sunset.png",
      "type": "Free"
    },
    {
      "localization_name": "TikTok1",
      "geometry": "geometry.humanoid.custom",
      "texture": "skin_1.png",
      "cape": "TikTok.png",
      "type": "Free"
    },
    {
      "localization_name": "PePe1",
      "geometry": "geometry.humanoid.custom",
      "texture": "skin_1.png",
      "cape": "PePe.png",
      "type": "Free"
    },
    {
      "localization_name": "PolarBear1",
      "geometry": "geometry.humanoid.custom",
      "texture": "skin_1.png",
      "cape": "PolarBear.png",
      "type": "Free"
    },
    {
      "localization_name": "NikeWhite1",
      "geometry": "geometry.humanoid.custom",
      "texture": "skin_1.png",
      "cape": "NikeWhite.png",
      "type": "Free"
    },
    {
      "localization_name": "NoManSky1",
      "geometry": "geometry.humanoid.custom",
      "texture": "skin_1.png",
      "cape": "NoManSky.png",
      "type": "Free"
    },
    {
      "localization_name": "Mashmello1",
      "geometry": "geometry.humanoid.custom",
      "texture": "skin_1.png",
      "cape": "Mashmello.png",
      "type": "Free"
    },
    {
      "localization_name": "Hacker1",
      "geometry": "geometry.humanoid.custom",
      "texture": "skin_1.png",
      "cape": "Hacker.png",
      "type": "Free"
    },
    {
      "localization_name": "TheStarryNight1",
      "geometry": "geometry.humanoid.custom",
      "texture": "skin_1.png",
      "cape": "TheStarryNight.png",
      "type": "Free"
    },
    {
      "localization_name": "WhiteWolf1",
      "geometry": "geometry.humanoid.custom",
      "texture": "skin_1.png",
      "cape": "WhiteWolf.png",
      "type": "Free"
    },
    {
      "localization_name": "TheRich1",
      "geometry": "geometry.humanoid.custom",
      "texture": "skin_1.png",
      "cape": "TheRich.png",
      "type": "Free"
    },
    {
      "localization_name": "Bruhhh1",
      "geometry": "geometry.humanoid.custom",
      "texture": "skin_1.png",
      "cape": "Bruhhh.png",
      "type": "Free"
    },
    {
      "localization_name": "BED1",
      "geometry": "geometry.humanoid.custom",
      "texture": "skin_1.png",
      "cape": "BED.png",
      "type": "Free"
    },
    {
      "localization_name": "XOOPTWERKING1",
      "geometry": "geometry.humanoid.custom",
      "texture": "skin_1.png",
      "cape": "XOOPTWERKING.png",
      "type": "Free"
    },
    {
      "localization_name": "1MILL1",
      "geometry": "geometry.humanoid.custom",
      "texture": "skin_1.png",
      "cape": "1MILL.png",
      "type": "Free"
    },
    {
      "localization_name": "ThreeBlade1",
      "geometry": "geometry.humanoid.custom",
      "texture": "skin_1.png",
      "cape": "ThreeBlade.png",
      "type": "Free"
    },
    {
      "localization_name": "AdamWarlock1",
      "geometry": "geometry.humanoid.custom",
      "texture": "skin_1.png",
      "cape": "AdamWarlock.png",
      "type": "Free"
    },
    {
      "localization_name": "PurpleAssasin1",
      "geometry": "geometry.humanoid.custom",
      "texture": "skin_1.png",
      "cape": "PurpleAssasin.png",
      "type": "Free"
    },
    {
      "localization_name": "Bear1",
      "geometry": "geometry.humanoid.custom",
      "texture": "skin_1.png",
      "cape": "Bear.png",
      "type": "Free"
    },
    {
      "localization_name": "BlackHole1",
      "geometry": "geometry.humanoid.custom",
      "texture": "skin_1.png",
      "cape": "BlackHole.png",
      "type": "Free"
    },
    {
      "localization_name": "PastelMLG1",
      "geometry": "geometry.humanoid.custom",
      "texture": "skin_1.png",
      "cape": "PastelMLG.png",
      "type": "Free"
    },
    {
      "localization_name": "CawPe1",
      "geometry": "geometry.humanoid.custom",
      "texture": "skin_1.png",
      "cape": "CawPe.png",
      "type": "Free"
    },
    {
      "localization_name": "ShibaInu1",
      "geometry": "geometry.humanoid.custom",
      "texture": "skin_1.png",
      "cape": "ShibaInu.png",
      "type": "Free"
    },
    {
      "localization_name": "WhiteChicken1",
      "geometry": "geometry.humanoid.custom",
      "texture": "skin_1.png",
      "cape": "WhiteChicken.png",
      "type": "Free"
    },
    {
      "localization_name": "Duck1",
      "geometry": "geometry.humanoid.custom",
      "texture": "skin_1.png",
      "cape": "Duck.png",
      "type": "Free"
    },
    {
      "localization_name": "FanstasicBlue1",
      "geometry": "geometry.humanoid.custom",
      "texture": "skin_1.png",
      "cape": "FanstasicBlue.png",
      "type": "Free"
    },
    {
      "localization_name": "CuteCowboy1",
      "geometry": "geometry.humanoid.custom",
      "texture": "skin_1.png",
      "cape": "CuteCowboy.png",
      "type": "Free"
    },
    {
      "localization_name": "PastelCuteFace1",
      "geometry": "geometry.humanoid.custom",
      "texture": "skin_1.png",
      "cape": "PastelCuteFace.png",
      "type": "Free"
    },
    {
      "localization_name": "YellowDemonicSmile1",
      "geometry": "geometry.humanoid.custom",
      "texture": "skin_1.png",
      "cape": "YellowDemonicSmile.png",
      "type": "Free"
    },
    {
      "localization_name": "BlackDevilSmile1",
      "geometry": "geometry.humanoid.custom",
      "texture": "skin_1.png",
      "cape": "BlackDevilSmile.png",
      "type": "Free"
    },
    {
      "localization_name": "Christmas2021-Snowman1",
      "geometry": "geometry.humanoid.custom",
      "texture": "skin_1.png",
      "cape": "Christmas2021-Snowman.png",
      "type": "Free"
    },
    {
      "localization_name": "Christmas2021-Pine1",
      "geometry": "geometry.humanoid.custom",
      "texture": "skin_1.png",
      "cape": "Christmas2021-Pine.png",
      "type": "Free"
    },
    {
      "localization_name": "Christmas2021-Candy1",
      "geometry": "geometry.humanoid.custom",
      "texture": "skin_1.png",
      "cape": "Christmas2021-Candy.png",
      "type": "Free"
    },
    {
      "localization_name": "Christmas2021-Reindeer1",
      "geometry": "geometry.humanoid.custom",
      "texture": "skin_1.png",
      "cape": "Christmas2021-Reindeer.png",
      "type": "Free"
    },
    {
      "localization_name": "Ninja1",
      "geometry": "geometry.humanoid.custom",
      "texture": "skin_1.png",
      "cape": "Ninja.png",
      "type": "Free"
    },
    {
      "localization_name": "RisingSun1",
      "geometry": "geometry.humanoid.custom",
      "texture": "skin_1.png",
      "cape": "RisingSun.png",
      "type": "Free"
    },
    {
      "localization_name": "SakuraTree1",
      "geometry": "geometry.humanoid.custom",
      "texture": "skin_1.png",
      "cape": "SakuraTree.png",
      "type": "Free"
    },
    {
      "localization_name": "CherryBlossom1",
      "geometry": "geometry.humanoid.custom",
      "texture": "skin_1.png",
      "cape": "CherryBlossom.png",
      "type": "Free"
    },
    {
      "localization_name": "TheGreatWave1",
      "geometry": "geometry.humanoid.custom",
      "texture": "skin_1.png",
      "cape": "TheGreatWave.png",
      "type": "Free"
    },
    {
      "localization_name": "Twitch1",
      "geometry": "geometry.humanoid.custom",
      "texture": "skin_1.png",
      "cape": "Twitch.png",
      "type": "Free"
    },
    {
      "localization_name": "Youtube1",
      "geometry": "geometry.humanoid.custom",
      "texture": "skin_1.png",
      "cape": "Youtube.png",
      "type": "Free"
    },
    {
      "localization_name": "ZeqaStaff1",
      "geometry": "geometry.humanoid.custom",
      "texture": "skin_1.png",
      "cape": "ZeqaStaff.png",
      "type": "Free"
    },
    {
      "localization_name": "SamuraiHelmet1",
      "geometry": "geometry.humanoid.custom",
      "texture": "skin_1.png",
      "cape": "SamuraiHelmet.png",
      "type": "Free"
    },
    {
      "localization_name": "RickRoll1",
      "geometry": "geometry.humanoid.custom",
      "texture": "skin_1.png",
      "cape": "RickRoll.png",
      "type": "Free"
    },
    {
      "localization_name": "Valentine2022-BedHeart1",
      "geometry": "geometry.humanoid.custom",
      "texture": "skin_1.png",
      "cape": "Valentine2022-BedHeart.png",
      "type": "Free"
    },
    {
      "localization_name": "Valentine2022-Rose1",
      "geometry": "geometry.humanoid.custom",
      "texture": "skin_1.png",
      "cape": "Valentine2022-Rose.png",
      "type": "Free"
    },
    {
      "localization_name": "Zeqentine20221",
      "geometry": "geometry.humanoid.custom",
      "texture": "skin_1.png",
      "cape": "Zeqentine2022.png",
      "type": "Free"
    },
    {
      "localization_name": "Valentine2022-BlackHeart1",
      "geometry": "geometry.humanoid.custom",
      "texture": "skin_1.png",
      "cape": "Valentine2022-BlackHeart.png",
      "type": "Free"
    },
    {
      "localization_name": "Valentine2022-Teddy1",
      "geometry": "geometry.humanoid.custom",
      "texture": "skin_1.png",
      "cape": "Valentine2022-Teddy.png",
      "type": "Free"
    },
    {
      "localization_name": "Valentine2022-WhiteHeart1",
      "geometry": "geometry.humanoid.custom",
      "texture": "skin_1.png",
      "cape": "Valentine2022-WhiteHeart.png",
      "type": "Free"
    },
    {
      "localization_name": "BabyYoda1",
      "geometry": "geometry.humanoid.custom",
      "texture": "skin_1.png",
      "cape": "BabyYoda.png",
      "type": "Free"
    },
    {
      "localization_name": "ConfusedWinnie1",
      "geometry": "geometry.humanoid.custom",
      "texture": "skin_1.png",
      "cape": "ConfusedWinnie.png",
      "type": "Free"
    },
    {
      "localization_name": "Cukiee1",
      "geometry": "geometry.humanoid.custom",
      "texture": "skin_1.png",
      "cape": "Cukiee.png",
      "type": "Free"
    },
    {
      "localization_name": "Emlu1",
      "geometry": "geometry.humanoid.custom",
      "texture": "skin_1.png",
      "cape": "Emlu.png",
      "type": "Free"
    },
    {
      "localization_name": "Minion1",
      "geometry": "geometry.humanoid.custom",
      "texture": "skin_1.png",
      "cape": "Minion.png",
      "type": "Free"
    },
    {
      "localization_name": "TeaTimeKermit1",
      "geometry": "geometry.humanoid.custom",
      "texture": "skin_1.png",
      "cape": "TeaTimeKermit.png",
      "type": "Free"
    },
    {
      "localization_name": "R3XZEQA1",
      "geometry": "geometry.humanoid.custom",
      "texture": "skin_1.png",
      "cape": "R3XZEQA.png",
      "type": "Free"
    },
    {
      "localization_name": "MissingTexture1",
      "geometry": "geometry.humanoid.custom",
      "texture": "skin_1.png",
      "cape": "MissingTexture.png",
      "type": "Free"
    },
    {
      "localization_name": "Code1",
      "geometry": "geometry.humanoid.custom",
      "texture": "skin_1.png",
      "cape": "Code.png",
      "type": "Free"
    },
    {
      "localization_name": "Console1",
      "geometry": "geometry.humanoid.custom",
      "texture": "skin_1.png",
      "cape": "Console.png",
      "type": "Free"
    },
    {
      "localization_name": "SmartPhone1",
      "geometry": "geometry.humanoid.custom",
      "texture": "skin_1.png",
      "cape": "SmartPhone.png",
      "type": "Free"
    },
    {
      "localization_name": "Controller1",
      "geometry": "geometry.humanoid.custom",
      "texture": "skin_1.png",
      "cape": "Controller.png",
      "type": "Free"
    },
    {
      "localization_name": "NintenreSwitch1",
      "geometry": "geometry.humanoid.custom",
      "texture": "skin_1.png",
      "cape": "NintenreSwitch.png",
      "type": "Free"
    },
    {
      "localization_name": "Easter2022-Basket1",
      "geometry": "geometry.humanoid.custom",
      "texture": "skin_1.png",
      "cape": "Easter2022-Basket.png",
      "type": "Free"
    },
    {
      "localization_name": "Easter2022-Bunny1",
      "geometry": "geometry.humanoid.custom",
      "texture": "skin_1.png",
      "cape": "Easter2022-Bunny.png",
      "type": "Free"
    },
    {
      "localization_name": "Easter2022-Moai1",
      "geometry": "geometry.humanoid.custom",
      "texture": "skin_1.png",
      "cape": "Easter2022-Moai.png",
      "type": "Free"
    },
    {
      "localization_name": "Easter2022-Egg1",
      "geometry": "geometry.humanoid.custom",
      "texture": "skin_1.png",
      "cape": "Easter2022-Egg.png",
      "type": "Free"
    },
    {
      "localization_name": "Easter2022-Basket21",
      "geometry": "geometry.humanoid.custom",
      "texture": "skin_1.png",
      "cape": "Easter2022-Basket2.png",
      "type": "Free"
    },
    {
      "localization_name": "Easter2022-Bunny21",
      "geometry": "geometry.humanoid.custom",
      "texture": "skin_1.png",
      "cape": "Easter2022-Bunny2.png",
      "type": "Free"
    },
    {
      "localization_name": "Berry1",
      "geometry": "geometry.humanoid.custom",
      "texture": "skin_1.png",
      "cape": "Berry.png",
      "type": "Free"
    },
    {
      "localization_name": "Kirby1",
      "geometry": "geometry.humanoid.custom",
      "texture": "skin_1.png",
      "cape": "Kirby.png",
      "type": "Free"
    },
    {
      "localization_name": "Rose1",
      "geometry": "geometry.humanoid.custom",
      "texture": "skin_1.png",
      "cape": "Rose.png",
      "type": "Free"
    },
    {
      "localization_name": "Scroll1",
      "geometry": "geometry.humanoid.custom",
      "texture": "skin_1.png",
      "cape": "Scroll.png",
      "type": "Free"
    },
    {
      "localization_name": "Trophy1",
      "geometry": "geometry.humanoid.custom",
      "texture": "skin_1.png",
      "cape": "Trophy.png",
      "type": "Free"
    },
    {
      "localization_name": "EarthBoard1",
      "geometry": "geometry.humanoid.custom",
      "texture": "skin_1.png",
      "cape": "EarthBoard.png",
      "type": "Free"
    },
    {
      "localization_name": "SheeShult1",
      "geometry": "geometry.humanoid.custom",
      "texture": "skin_1.png",
      "cape": "SheeShult.png",
      "type": "Free"
    },
    {
      "localization_name": "Pride-Agender1",
      "geometry": "geometry.humanoid.custom",
      "texture": "skin_1.png",
      "cape": "Pride-Agender.png",
      "type": "Free"
    },
    {
      "localization_name": "Pride-Ally1",
      "geometry": "geometry.humanoid.custom",
      "texture": "skin_1.png",
      "cape": "Pride-Ally.png",
      "type": "Free"
    },
    {
      "localization_name": "Pride-Bisexual1",
      "geometry": "geometry.humanoid.custom",
      "texture": "skin_1.png",
      "cape": "Pride-Bisexual.png",
      "type": "Free"
    },
    {
      "localization_name": "Pride-Fluid1",
      "geometry": "geometry.humanoid.custom",
      "texture": "skin_1.png",
      "cape": "Pride-Fluid.png",
      "type": "Free"
    },
    {
      "localization_name": "Pride-Intersex1",
      "geometry": "geometry.humanoid.custom",
      "texture": "skin_1.png",
      "cape": "Pride-Intersex.png",
      "type": "Free"
    },
    {
      "localization_name": "Pride-Lesbian1",
      "geometry": "geometry.humanoid.custom",
      "texture": "skin_1.png",
      "cape": "Pride-Lesbian.png",
      "type": "Free"
    },
    {
      "localization_name": "Pride-LGBTQ+1",
      "geometry": "geometry.humanoid.custom",
      "texture": "skin_1.png",
      "cape": "Pride-LGBTQ+.png",
      "type": "Free"
    },
    {
      "localization_name": "Pride-NonBinary1",
      "geometry": "geometry.humanoid.custom",
      "texture": "skin_1.png",
      "cape": "Pride-NonBinary.png",
      "type": "Free"
    },
    {
      "localization_name": "Pride-Pansexual1",
      "geometry": "geometry.humanoid.custom",
      "texture": "skin_1.png",
      "cape": "Pride-Pansexual.png",
      "type": "Free"
    },
    {
      "localization_name": "Pride-Transgender1",
      "geometry": "geometry.humanoid.custom",
      "texture": "skin_1.png",
      "cape": "Pride-Transgender.png",
      "type": "Free"
    },
    {
      "localization_name": "RedApple1",
      "geometry": "geometry.humanoid.custom",
      "texture": "skin_1.png",
      "cape": "RedApple.png",
      "type": "Free"
    },
    {
      "localization_name": "PinkDonut1",
      "geometry": "geometry.humanoid.custom",
      "texture": "skin_1.png",
      "cape": "PinkDonut.png",
      "type": "Free"
    },
    {
      "localization_name": "SoftDrink1",
      "geometry": "geometry.humanoid.custom",
      "texture": "skin_1.png",
      "cape": "SoftDrink.png",
      "type": "Free"
    },
    {
      "localization_name": "HotDog1",
      "geometry": "geometry.humanoid.custom",
      "texture": "skin_1.png",
      "cape": "HotDog.png",
      "type": "Free"
    },
    {
      "localization_name": "Friesy1",
      "geometry": "geometry.humanoid.custom",
      "texture": "skin_1.png",
      "cape": "Friesy.png",
      "type": "Free"
    },
    {
      "localization_name": "MuffinAvatar1",
      "geometry": "geometry.humanoid.custom",
      "texture": "skin_1.png",
      "cape": "MuffinAvatar.png",
      "type": "Free"
    },
    {
      "localization_name": "10KDISCORDCAPE1",
      "geometry": "geometry.humanoid.custom",
      "texture": "skin_1.png",
      "cape": "10KDISCORDCAPE.png",
      "type": "Free"
    },
    {
      "localization_name": "UFO1",
      "geometry": "geometry.humanoid.custom",
      "texture": "skin_1.png",
      "cape": "UFO.png",
      "type": "Free"
    },
    {
      "localization_name": "Pece1",
      "geometry": "geometry.humanoid.custom",
      "texture": "skin_1.png",
      "cape": "Pece.png",
      "type": "Free"
    },
    {
      "localization_name": "Alien1",
      "geometry": "geometry.humanoid.custom",
      "texture": "skin_1.png",
      "cape": "Alien.png",
      "type": "Free"
    },
    {
      "localization_name": "AmoungUs1",
      "geometry": "geometry.humanoid.custom",
      "texture": "skin_1.png",
      "cape": "AmoungUs.png",
      "type": "Free"
    },
    {
      "localization_name": "Earth1",
      "geometry": "geometry.humanoid.custom",
      "texture": "skin_1.png",
      "cape": "Earth.png",
      "type": "Free"
    },
    {
      "localization_name": "Galaxy1",
      "geometry": "geometry.humanoid.custom",
      "texture": "skin_1.png",
      "cape": "Galaxy.png",
      "type": "Free"
    },
    {
      "localization_name": "Jupiter1",
      "geometry": "geometry.humanoid.custom",
      "texture": "skin_1.png",
      "cape": "Jupiter.png",
      "type": "Free"
    },
    {
      "localization_name": "Moob1",
      "geometry": "geometry.humanoid.custom",
      "texture": "skin_1.png",
      "cape": "Moob.png",
      "type": "Free"
    },
    {
      "localization_name": "Robo1",
      "geometry": "geometry.humanoid.custom",
      "texture": "skin_1.png",
      "cape": "Robo.png",
      "type": "Free"
    },
    {
      "localization_name": "Moon1",
      "geometry": "geometry.humanoid.custom",
      "texture": "skin_1.png",
      "cape": "Moon.png",
      "type": "Free"
    },
    {
      "localization_name": "Rocket1",
      "geometry": "geometry.humanoid.custom",
      "texture": "skin_1.png",
      "cape": "Rocket.png",
      "type": "Free"
    },
    {
      "localization_name": "StarStreak1",
      "geometry": "geometry.humanoid.custom",
      "texture": "skin_1.png",
      "cape": "StarStreak.png",
      "type": "Free"
    },
    {
      "localization_name": "Sun&Moon1",
      "geometry": "geometry.humanoid.custom",
      "texture": "skin_1.png",
      "cape": "Sun&Moon.png",
      "type": "Free"
    },
    {
      "localization_name": "Foxzy1",
      "geometry": "geometry.humanoid.custom",
      "texture": "skin_1.png",
      "cape": "Foxzy.png",
      "type": "Free"
    },
    {
      "localization_name": "Panda1",
      "geometry": "geometry.humanoid.custom",
      "texture": "skin_1.png",
      "cape": "Panda.png",
      "type": "Free"
    },
    {
      "localization_name": "Penguin1",
      "geometry": "geometry.humanoid.custom",
      "texture": "skin_1.png",
      "cape": "Penguin.png",
      "type": "Free"
    },
    {
      "localization_name": "Rat1",
      "geometry": "geometry.humanoid.custom",
      "texture": "skin_1.png",
      "cape": "Rat.png",
      "type": "Free"
    },
    {
      "localization_name": "Allay1",
      "geometry": "geometry.humanoid.custom",
      "texture": "skin_1.png",
      "cape": "Allay.png",
      "type": "Free"
    },
    {
      "localization_name": "Halloween2022-CandyCorn1",
      "geometry": "geometry.humanoid.custom",
      "texture": "skin_1.png",
      "cape": "Halloween2022-CandyCorn.png",
      "type": "Free"
    },
    {
      "localization_name": "Halloween2022-EyeBall1",
      "geometry": "geometry.humanoid.custom",
      "texture": "skin_1.png",
      "cape": "Halloween2022-EyeBall.png",
      "type": "Free"
    },
    {
      "localization_name": "Halloween2022-Ghost1",
      "geometry": "geometry.humanoid.custom",
      "texture": "skin_1.png",
      "cape": "Halloween2022-Ghost.png",
      "type": "Free"
    },
    {
      "localization_name": "Halloween2022-Pumpkin1",
      "geometry": "geometry.humanoid.custom",
      "texture": "skin_1.png",
      "cape": "Halloween2022-Pumpkin.png",
      "type": "Free"
    },
    {
      "localization_name": "BlueChr7st1",
      "geometry": "geometry.humanoid.custom",
      "texture": "skin_1.png",
      "cape": "BlueChr7st.png",
      "type": "Free"
    }
  ],
  "serialize_localization_name": "KeeCapes",
  "localization_name": "KeeCapes"
}