{ "frames": [
   {
    "filename": "0.aseprite",
    "frame": { "x": 0, "y": 0, "w": 74, "h": 24 },
    "rotated": false,
    "trimmed": false,
    "spriteSourceSize": { "x": 0, "y": 0, "w": 74, "h": 24 },
    "sourceSize": { "w": 74, "h": 24 },
    "duration": 180
   },
   {
    "filename": "1.aseprite",
    "frame": { "x": 74, "y": 0, "w": 74, "h": 24 },
    "rotated": false,
    "trimmed": false,
    "spriteSourceSize": { "x": 0, "y": 0, "w": 74, "h": 24 },
    "sourceSize": { "w": 74, "h": 24 },
    "duration": 180
   },
   {
    "filename": "2.aseprite",
    "frame": { "x": 148, "y": 0, "w": 74, "h": 24 },
    "rotated": false,
    "trimmed": false,
    "spriteSourceSize": { "x": 0, "y": 0, "w": 74, "h": 24 },
    "sourceSize": { "w": 74, "h": 24 },
    "duration": 180
   },
   {
    "filename": "3.aseprite",
    "frame": { "x": 222, "y": 0, "w": 74, "h": 24 },
    "rotated": false,
    "trimmed": false,
    "spriteSourceSize": { "x": 0, "y": 0, "w": 74, "h": 24 },
    "sourceSize": { "w": 74, "h": 24 },
    "duration": 180
   },
   {
    "filename": "4.aseprite",
    "frame": { "x": 296, "y": 0, "w": 74, "h": 24 },
    "rotated": false,
    "trimmed": false,
    "spriteSourceSize": { "x": 0, "y": 0, "w": 74, "h": 24 },
    "sourceSize": { "w": 74, "h": 24 },
    "duration": 180
   },
   {
    "filename": "5.aseprite",
    "frame": { "x": 370, "y": 0, "w": 74, "h": 24 },
    "rotated": false,
    "trimmed": false,
    "spriteSourceSize": { "x": 0, "y": 0, "w": 74, "h": 24 },
    "sourceSize": { "w": 74, "h": 24 },
    "duration": 180
   },
   {
    "filename": "6.aseprite",
    "frame": { "x": 444, "y": 0, "w": 74, "h": 24 },
    "rotated": false,
    "trimmed": false,
    "spriteSourceSize": { "x": 0, "y": 0, "w": 74, "h": 24 },
    "sourceSize": { "w": 74, "h": 24 },
    "duration": 180
   },
   {
    "filename": "7.aseprite",
    "frame": { "x": 518, "y": 0, "w": 74, "h": 24 },
    "rotated": false,
    "trimmed": false,
    "spriteSourceSize": { "x": 0, "y": 0, "w": 74, "h": 24 },
    "sourceSize": { "w": 74, "h": 24 },
    "duration": 180
   },
   {
    "filename": "8.aseprite",
    "frame": { "x": 592, "y": 0, "w": 74, "h": 24 },
    "rotated": false,
    "trimmed": false,
    "spriteSourceSize": { "x": 0, "y": 0, "w": 74, "h": 24 },
    "sourceSize": { "w": 74, "h": 24 },
    "duration": 180
   },
   {
    "filename": "9.aseprite",
    "frame": { "x": 666, "y": 0, "w": 74, "h": 24 },
    "rotated": false,
    "trimmed": false,
    "spriteSourceSize": { "x": 0, "y": 0, "w": 74, "h": 24 },
    "sourceSize": { "w": 74, "h": 24 },
    "duration": 180
   },
   {
    "filename": "10.aseprite",
    "frame": { "x": 740, "y": 0, "w": 74, "h": 24 },
    "rotated": false,
    "trimmed": false,
    "spriteSourceSize": { "x": 0, "y": 0, "w": 74, "h": 24 },
    "sourceSize": { "w": 74, "h": 24 },
    "duration": 180
   },
   {
    "filename": "11.aseprite",
    "frame": { "x": 814, "y": 0, "w": 74, "h": 24 },
    "rotated": false,
    "trimmed": false,
    "spriteSourceSize": { "x": 0, "y": 0, "w": 74, "h": 24 },
    "sourceSize": { "w": 74, "h": 24 },
    "duration": 180
   },
   {
    "filename": "12.aseprite",
    "frame": { "x": 888, "y": 0, "w": 74, "h": 24 },
    "rotated": false,
    "trimmed": false,
    "spriteSourceSize": { "x": 0, "y": 0, "w": 74, "h": 24 },
    "sourceSize": { "w": 74, "h": 24 },
    "duration": 180
   },
   {
    "filename": "13.aseprite",
    "frame": { "x": 962, "y": 0, "w": 74, "h": 24 },
    "rotated": false,
    "trimmed": false,
    "spriteSourceSize": { "x": 0, "y": 0, "w": 74, "h": 24 },
    "sourceSize": { "w": 74, "h": 24 },
    "duration": 180
   },
   {
    "filename": "14.aseprite",
    "frame": { "x": 1036, "y": 0, "w": 74, "h": 24 },
    "rotated": false,
    "trimmed": false,
    "spriteSourceSize": { "x": 0, "y": 0, "w": 74, "h": 24 },
    "sourceSize": { "w": 74, "h": 24 },
    "duration": 180
   },
   {
    "filename": "15.aseprite",
    "frame": { "x": 1110, "y": 0, "w": 74, "h": 24 },
    "rotated": false,
    "trimmed": false,
    "spriteSourceSize": { "x": 0, "y": 0, "w": 74, "h": 24 },
    "sourceSize": { "w": 74, "h": 24 },
    "duration": 180
   },
   {
    "filename": "16.aseprite",
    "frame": { "x": 1184, "y": 0, "w": 74, "h": 24 },
    "rotated": false,
    "trimmed": false,
    "spriteSourceSize": { "x": 0, "y": 0, "w": 74, "h": 24 },
    "sourceSize": { "w": 74, "h": 24 },
    "duration": 180
   },
   {
    "filename": "17.aseprite",
    "frame": { "x": 1258, "y": 0, "w": 74, "h": 24 },
    "rotated": false,
    "trimmed": false,
    "spriteSourceSize": { "x": 0, "y": 0, "w": 74, "h": 24 },
    "sourceSize": { "w": 74, "h": 24 },
    "duration": 180
   },
   {
    "filename": "18.aseprite",
    "frame": { "x": 1332, "y": 0, "w": 74, "h": 24 },
    "rotated": false,
    "trimmed": false,
    "spriteSourceSize": { "x": 0, "y": 0, "w": 74, "h": 24 },
    "sourceSize": { "w": 74, "h": 24 },
    "duration": 180
   },
   {
    "filename": "19.aseprite",
    "frame": { "x": 1406, "y": 0, "w": 74, "h": 24 },
    "rotated": false,
    "trimmed": false,
    "spriteSourceSize": { "x": 0, "y": 0, "w": 74, "h": 24 },
    "sourceSize": { "w": 74, "h": 24 },
    "duration": 180
   },
   {
    "filename": "20.aseprite",
    "frame": { "x": 1480, "y": 0, "w": 74, "h": 24 },
    "rotated": false,
    "trimmed": false,
    "spriteSourceSize": { "x": 0, "y": 0, "w": 74, "h": 24 },
    "sourceSize": { "w": 74, "h": 24 },
    "duration": 180
   },
   {
    "filename": "21.aseprite",
    "frame": { "x": 1554, "y": 0, "w": 74, "h": 24 },
    "rotated": false,
    "trimmed": false,
    "spriteSourceSize": { "x": 0, "y": 0, "w": 74, "h": 24 },
    "sourceSize": { "w": 74, "h": 24 },
    "duration": 180
   },
   {
    "filename": "22.aseprite",
    "frame": { "x": 1628, "y": 0, "w": 74, "h": 24 },
    "rotated": false,
    "trimmed": false,
    "spriteSourceSize": { "x": 0, "y": 0, "w": 74, "h": 24 },
    "sourceSize": { "w": 74, "h": 24 },
    "duration": 180
   },
   {
    "filename": "23.aseprite",
    "frame": { "x": 1702, "y": 0, "w": 74, "h": 24 },
    "rotated": false,
    "trimmed": false,
    "spriteSourceSize": { "x": 0, "y": 0, "w": 74, "h": 24 },
    "sourceSize": { "w": 74, "h": 24 },
    "duration": 180
   },
   {
    "filename": "24.aseprite",
    "frame": { "x": 1776, "y": 0, "w": 74, "h": 24 },
    "rotated": false,
    "trimmed": false,
    "spriteSourceSize": { "x": 0, "y": 0, "w": 74, "h": 24 },
    "sourceSize": { "w": 74, "h": 24 },
    "duration": 180
   },
   {
    "filename": "25.aseprite",
    "frame": { "x": 1850, "y": 0, "w": 74, "h": 24 },
    "rotated": false,
    "trimmed": false,
    "spriteSourceSize": { "x": 0, "y": 0, "w": 74, "h": 24 },
    "sourceSize": { "w": 74, "h": 24 },
    "duration": 180
   },
   {
    "filename": "26.aseprite",
    "frame": { "x": 1924, "y": 0, "w": 74, "h": 24 },
    "rotated": false,
    "trimmed": false,
    "spriteSourceSize": { "x": 0, "y": 0, "w": 74, "h": 24 },
    "sourceSize": { "w": 74, "h": 24 },
    "duration": 180
   },
   {
    "filename": "27.aseprite",
    "frame": { "x": 1998, "y": 0, "w": 74, "h": 24 },
    "rotated": false,
    "trimmed": false,
    "spriteSourceSize": { "x": 0, "y": 0, "w": 74, "h": 24 },
    "sourceSize": { "w": 74, "h": 24 },
    "duration": 180
   },
   {
    "filename": "28.aseprite",
    "frame": { "x": 2072, "y": 0, "w": 74, "h": 24 },
    "rotated": false,
    "trimmed": false,
    "spriteSourceSize": { "x": 0, "y": 0, "w": 74, "h": 24 },
    "sourceSize": { "w": 74, "h": 24 },
    "duration": 180
   },
   {
    "filename": "29.aseprite",
    "frame": { "x": 2146, "y": 0, "w": 74, "h": 24 },
    "rotated": false,
    "trimmed": false,
    "spriteSourceSize": { "x": 0, "y": 0, "w": 74, "h": 24 },
    "sourceSize": { "w": 74, "h": 24 },
    "duration": 180
   },
   {
    "filename": "30.aseprite",
    "frame": { "x": 2220, "y": 0, "w": 74, "h": 24 },
    "rotated": false,
    "trimmed": false,
    "spriteSourceSize": { "x": 0, "y": 0, "w": 74, "h": 24 },
    "sourceSize": { "w": 74, "h": 24 },
    "duration": 180
   },
   {
    "filename": "31.aseprite",
    "frame": { "x": 2294, "y": 0, "w": 74, "h": 24 },
    "rotated": false,
    "trimmed": false,
    "spriteSourceSize": { "x": 0, "y": 0, "w": 74, "h": 24 },
    "sourceSize": { "w": 74, "h": 24 },
    "duration": 180
   },
   {
    "filename": "32.aseprite",
    "frame": { "x": 2368, "y": 0, "w": 74, "h": 24 },
    "rotated": false,
    "trimmed": false,
    "spriteSourceSize": { "x": 0, "y": 0, "w": 74, "h": 24 },
    "sourceSize": { "w": 74, "h": 24 },
    "duration": 180
   },
   {
    "filename": "33.aseprite",
    "frame": { "x": 2442, "y": 0, "w": 74, "h": 24 },
    "rotated": false,
    "trimmed": false,
    "spriteSourceSize": { "x": 0, "y": 0, "w": 74, "h": 24 },
    "sourceSize": { "w": 74, "h": 24 },
    "duration": 180
   },
   {
    "filename": "34.aseprite",
    "frame": { "x": 2516, "y": 0, "w": 74, "h": 24 },
    "rotated": false,
    "trimmed": false,
    "spriteSourceSize": { "x": 0, "y": 0, "w": 74, "h": 24 },
    "sourceSize": { "w": 74, "h": 24 },
    "duration": 180
   },
   {
    "filename": "35.aseprite",
    "frame": { "x": 2590, "y": 0, "w": 74, "h": 24 },
    "rotated": false,
    "trimmed": false,
    "spriteSourceSize": { "x": 0, "y": 0, "w": 74, "h": 24 },
    "sourceSize": { "w": 74, "h": 24 },
    "duration": 180
   },
   {
    "filename": "36.aseprite",
    "frame": { "x": 2664, "y": 0, "w": 74, "h": 24 },
    "rotated": false,
    "trimmed": false,
    "spriteSourceSize": { "x": 0, "y": 0, "w": 74, "h": 24 },
    "sourceSize": { "w": 74, "h": 24 },
    "duration": 180
   },
   {
    "filename": "37.aseprite",
    "frame": { "x": 2738, "y": 0, "w": 74, "h": 24 },
    "rotated": false,
    "trimmed": false,
    "spriteSourceSize": { "x": 0, "y": 0, "w": 74, "h": 24 },
    "sourceSize": { "w": 74, "h": 24 },
    "duration": 180
   },
   {
    "filename": "38.aseprite",
    "frame": { "x": 2812, "y": 0, "w": 74, "h": 24 },
    "rotated": false,
    "trimmed": false,
    "spriteSourceSize": { "x": 0, "y": 0, "w": 74, "h": 24 },
    "sourceSize": { "w": 74, "h": 24 },
    "duration": 180
   },
   {
    "filename": "39.aseprite",
    "frame": { "x": 2886, "y": 0, "w": 74, "h": 24 },
    "rotated": false,
    "trimmed": false,
    "spriteSourceSize": { "x": 0, "y": 0, "w": 74, "h": 24 },
    "sourceSize": { "w": 74, "h": 24 },
    "duration": 180
   },
   {
    "filename": "40.aseprite",
    "frame": { "x": 2960, "y": 0, "w": 74, "h": 24 },
    "rotated": false,
    "trimmed": false,
    "spriteSourceSize": { "x": 0, "y": 0, "w": 74, "h": 24 },
    "sourceSize": { "w": 74, "h": 24 },
    "duration": 180
   },
   {
    "filename": "41.aseprite",
    "frame": { "x": 3034, "y": 0, "w": 74, "h": 24 },
    "rotated": false,
    "trimmed": false,
    "spriteSourceSize": { "x": 0, "y": 0, "w": 74, "h": 24 },
    "sourceSize": { "w": 74, "h": 24 },
    "duration": 180
   },
   {
    "filename": "42.aseprite",
    "frame": { "x": 3108, "y": 0, "w": 74, "h": 24 },
    "rotated": false,
    "trimmed": false,
    "spriteSourceSize": { "x": 0, "y": 0, "w": 74, "h": 24 },
    "sourceSize": { "w": 74, "h": 24 },
    "duration": 180
   },
   {
    "filename": "43.aseprite",
    "frame": { "x": 3182, "y": 0, "w": 74, "h": 24 },
    "rotated": false,
    "trimmed": false,
    "spriteSourceSize": { "x": 0, "y": 0, "w": 74, "h": 24 },
    "sourceSize": { "w": 74, "h": 24 },
    "duration": 180
   },
   {
    "filename": "44.aseprite",
    "frame": { "x": 3256, "y": 0, "w": 74, "h": 24 },
    "rotated": false,
    "trimmed": false,
    "spriteSourceSize": { "x": 0, "y": 0, "w": 74, "h": 24 },
    "sourceSize": { "w": 74, "h": 24 },
    "duration": 180
   },
   {
    "filename": "45.aseprite",
    "frame": { "x": 3330, "y": 0, "w": 74, "h": 24 },
    "rotated": false,
    "trimmed": false,
    "spriteSourceSize": { "x": 0, "y": 0, "w": 74, "h": 24 },
    "sourceSize": { "w": 74, "h": 24 },
    "duration": 180
   },
   {
    "filename": "46.aseprite",
    "frame": { "x": 3404, "y": 0, "w": 74, "h": 24 },
    "rotated": false,
    "trimmed": false,
    "spriteSourceSize": { "x": 0, "y": 0, "w": 74, "h": 24 },
    "sourceSize": { "w": 74, "h": 24 },
    "duration": 180
   },
   {
    "filename": "47.aseprite",
    "frame": { "x": 3478, "y": 0, "w": 74, "h": 24 },
    "rotated": false,
    "trimmed": false,
    "spriteSourceSize": { "x": 0, "y": 0, "w": 74, "h": 24 },
    "sourceSize": { "w": 74, "h": 24 },
    "duration": 180
   },
   {
    "filename": "48.aseprite",
    "frame": { "x": 3552, "y": 0, "w": 74, "h": 24 },
    "rotated": false,
    "trimmed": false,
    "spriteSourceSize": { "x": 0, "y": 0, "w": 74, "h": 24 },
    "sourceSize": { "w": 74, "h": 24 },
    "duration": 180
   },
   {
    "filename": "49.aseprite",
    "frame": { "x": 3626, "y": 0, "w": 74, "h": 24 },
    "rotated": false,
    "trimmed": false,
    "spriteSourceSize": { "x": 0, "y": 0, "w": 74, "h": 24 },
    "sourceSize": { "w": 74, "h": 24 },
    "duration": 180
   }
 ],
 "meta": {
  "app": "http://www.aseprite.org/",
  "version": "1.2.29-x64",
  "image": "Clouds04_Hover.png",
  "format": "RGBA8888",
  "size": { "w": 3700, "h": 24 },
  "scale": "1"
 }
}
