{ "frames": [
   {
    "filename": "0.aseprite",
    "frame": { "x": 0, "y": 0, "w": 76, "h": 24 },
    "rotated": false,
    "trimmed": false,
    "spriteSourceSize": { "x": 0, "y": 0, "w": 76, "h": 24 },
    "sourceSize": { "w": 76, "h": 24 },
    "duration": 180
   },
   {
    "filename": "1.aseprite",
    "frame": { "x": 76, "y": 0, "w": 76, "h": 24 },
    "rotated": false,
    "trimmed": false,
    "spriteSourceSize": { "x": 0, "y": 0, "w": 76, "h": 24 },
    "sourceSize": { "w": 76, "h": 24 },
    "duration": 180
   },
   {
    "filename": "2.aseprite",
    "frame": { "x": 152, "y": 0, "w": 76, "h": 24 },
    "rotated": false,
    "trimmed": false,
    "spriteSourceSize": { "x": 0, "y": 0, "w": 76, "h": 24 },
    "sourceSize": { "w": 76, "h": 24 },
    "duration": 180
   },
   {
    "filename": "3.aseprite",
    "frame": { "x": 228, "y": 0, "w": 76, "h": 24 },
    "rotated": false,
    "trimmed": false,
    "spriteSourceSize": { "x": 0, "y": 0, "w": 76, "h": 24 },
    "sourceSize": { "w": 76, "h": 24 },
    "duration": 180
   },
   {
    "filename": "4.aseprite",
    "frame": { "x": 304, "y": 0, "w": 76, "h": 24 },
    "rotated": false,
    "trimmed": false,
    "spriteSourceSize": { "x": 0, "y": 0, "w": 76, "h": 24 },
    "sourceSize": { "w": 76, "h": 24 },
    "duration": 180
   },
   {
    "filename": "5.aseprite",
    "frame": { "x": 380, "y": 0, "w": 76, "h": 24 },
    "rotated": false,
    "trimmed": false,
    "spriteSourceSize": { "x": 0, "y": 0, "w": 76, "h": 24 },
    "sourceSize": { "w": 76, "h": 24 },
    "duration": 180
   },
   {
    "filename": "6.aseprite",
    "frame": { "x": 456, "y": 0, "w": 76, "h": 24 },
    "rotated": false,
    "trimmed": false,
    "spriteSourceSize": { "x": 0, "y": 0, "w": 76, "h": 24 },
    "sourceSize": { "w": 76, "h": 24 },
    "duration": 180
   },
   {
    "filename": "7.aseprite",
    "frame": { "x": 532, "y": 0, "w": 76, "h": 24 },
    "rotated": false,
    "trimmed": false,
    "spriteSourceSize": { "x": 0, "y": 0, "w": 76, "h": 24 },
    "sourceSize": { "w": 76, "h": 24 },
    "duration": 180
   },
   {
    "filename": "8.aseprite",
    "frame": { "x": 608, "y": 0, "w": 76, "h": 24 },
    "rotated": false,
    "trimmed": false,
    "spriteSourceSize": { "x": 0, "y": 0, "w": 76, "h": 24 },
    "sourceSize": { "w": 76, "h": 24 },
    "duration": 180
   },
   {
    "filename": "9.aseprite",
    "frame": { "x": 684, "y": 0, "w": 76, "h": 24 },
    "rotated": false,
    "trimmed": false,
    "spriteSourceSize": { "x": 0, "y": 0, "w": 76, "h": 24 },
    "sourceSize": { "w": 76, "h": 24 },
    "duration": 180
   },
   {
    "filename": "10.aseprite",
    "frame": { "x": 760, "y": 0, "w": 76, "h": 24 },
    "rotated": false,
    "trimmed": false,
    "spriteSourceSize": { "x": 0, "y": 0, "w": 76, "h": 24 },
    "sourceSize": { "w": 76, "h": 24 },
    "duration": 180
   },
   {
    "filename": "11.aseprite",
    "frame": { "x": 836, "y": 0, "w": 76, "h": 24 },
    "rotated": false,
    "trimmed": false,
    "spriteSourceSize": { "x": 0, "y": 0, "w": 76, "h": 24 },
    "sourceSize": { "w": 76, "h": 24 },
    "duration": 180
   },
   {
    "filename": "12.aseprite",
    "frame": { "x": 912, "y": 0, "w": 76, "h": 24 },
    "rotated": false,
    "trimmed": false,
    "spriteSourceSize": { "x": 0, "y": 0, "w": 76, "h": 24 },
    "sourceSize": { "w": 76, "h": 24 },
    "duration": 180
   },
   {
    "filename": "13.aseprite",
    "frame": { "x": 988, "y": 0, "w": 76, "h": 24 },
    "rotated": false,
    "trimmed": false,
    "spriteSourceSize": { "x": 0, "y": 0, "w": 76, "h": 24 },
    "sourceSize": { "w": 76, "h": 24 },
    "duration": 180
   },
   {
    "filename": "14.aseprite",
    "frame": { "x": 1064, "y": 0, "w": 76, "h": 24 },
    "rotated": false,
    "trimmed": false,
    "spriteSourceSize": { "x": 0, "y": 0, "w": 76, "h": 24 },
    "sourceSize": { "w": 76, "h": 24 },
    "duration": 180
   },
   {
    "filename": "15.aseprite",
    "frame": { "x": 1140, "y": 0, "w": 76, "h": 24 },
    "rotated": false,
    "trimmed": false,
    "spriteSourceSize": { "x": 0, "y": 0, "w": 76, "h": 24 },
    "sourceSize": { "w": 76, "h": 24 },
    "duration": 180
   },
   {
    "filename": "16.aseprite",
    "frame": { "x": 1216, "y": 0, "w": 76, "h": 24 },
    "rotated": false,
    "trimmed": false,
    "spriteSourceSize": { "x": 0, "y": 0, "w": 76, "h": 24 },
    "sourceSize": { "w": 76, "h": 24 },
    "duration": 180
   },
   {
    "filename": "17.aseprite",
    "frame": { "x": 1292, "y": 0, "w": 76, "h": 24 },
    "rotated": false,
    "trimmed": false,
    "spriteSourceSize": { "x": 0, "y": 0, "w": 76, "h": 24 },
    "sourceSize": { "w": 76, "h": 24 },
    "duration": 180
   },
   {
    "filename": "18.aseprite",
    "frame": { "x": 1368, "y": 0, "w": 76, "h": 24 },
    "rotated": false,
    "trimmed": false,
    "spriteSourceSize": { "x": 0, "y": 0, "w": 76, "h": 24 },
    "sourceSize": { "w": 76, "h": 24 },
    "duration": 180
   },
   {
    "filename": "19.aseprite",
    "frame": { "x": 1444, "y": 0, "w": 76, "h": 24 },
    "rotated": false,
    "trimmed": false,
    "spriteSourceSize": { "x": 0, "y": 0, "w": 76, "h": 24 },
    "sourceSize": { "w": 76, "h": 24 },
    "duration": 180
   },
   {
    "filename": "20.aseprite",
    "frame": { "x": 1520, "y": 0, "w": 76, "h": 24 },
    "rotated": false,
    "trimmed": false,
    "spriteSourceSize": { "x": 0, "y": 0, "w": 76, "h": 24 },
    "sourceSize": { "w": 76, "h": 24 },
    "duration": 180
   },
   {
    "filename": "21.aseprite",
    "frame": { "x": 1596, "y": 0, "w": 76, "h": 24 },
    "rotated": false,
    "trimmed": false,
    "spriteSourceSize": { "x": 0, "y": 0, "w": 76, "h": 24 },
    "sourceSize": { "w": 76, "h": 24 },
    "duration": 180
   },
   {
    "filename": "22.aseprite",
    "frame": { "x": 1672, "y": 0, "w": 76, "h": 24 },
    "rotated": false,
    "trimmed": false,
    "spriteSourceSize": { "x": 0, "y": 0, "w": 76, "h": 24 },
    "sourceSize": { "w": 76, "h": 24 },
    "duration": 180
   },
   {
    "filename": "23.aseprite",
    "frame": { "x": 1748, "y": 0, "w": 76, "h": 24 },
    "rotated": false,
    "trimmed": false,
    "spriteSourceSize": { "x": 0, "y": 0, "w": 76, "h": 24 },
    "sourceSize": { "w": 76, "h": 24 },
    "duration": 180
   },
   {
    "filename": "24.aseprite",
    "frame": { "x": 1824, "y": 0, "w": 76, "h": 24 },
    "rotated": false,
    "trimmed": false,
    "spriteSourceSize": { "x": 0, "y": 0, "w": 76, "h": 24 },
    "sourceSize": { "w": 76, "h": 24 },
    "duration": 180
   },
   {
    "filename": "25.aseprite",
    "frame": { "x": 1900, "y": 0, "w": 76, "h": 24 },
    "rotated": false,
    "trimmed": false,
    "spriteSourceSize": { "x": 0, "y": 0, "w": 76, "h": 24 },
    "sourceSize": { "w": 76, "h": 24 },
    "duration": 180
   },
   {
    "filename": "26.aseprite",
    "frame": { "x": 1976, "y": 0, "w": 76, "h": 24 },
    "rotated": false,
    "trimmed": false,
    "spriteSourceSize": { "x": 0, "y": 0, "w": 76, "h": 24 },
    "sourceSize": { "w": 76, "h": 24 },
    "duration": 180
   },
   {
    "filename": "27.aseprite",
    "frame": { "x": 2052, "y": 0, "w": 76, "h": 24 },
    "rotated": false,
    "trimmed": false,
    "spriteSourceSize": { "x": 0, "y": 0, "w": 76, "h": 24 },
    "sourceSize": { "w": 76, "h": 24 },
    "duration": 180
   },
   {
    "filename": "28.aseprite",
    "frame": { "x": 2128, "y": 0, "w": 76, "h": 24 },
    "rotated": false,
    "trimmed": false,
    "spriteSourceSize": { "x": 0, "y": 0, "w": 76, "h": 24 },
    "sourceSize": { "w": 76, "h": 24 },
    "duration": 180
   },
   {
    "filename": "29.aseprite",
    "frame": { "x": 2204, "y": 0, "w": 76, "h": 24 },
    "rotated": false,
    "trimmed": false,
    "spriteSourceSize": { "x": 0, "y": 0, "w": 76, "h": 24 },
    "sourceSize": { "w": 76, "h": 24 },
    "duration": 180
   },
   {
    "filename": "30.aseprite",
    "frame": { "x": 2280, "y": 0, "w": 76, "h": 24 },
    "rotated": false,
    "trimmed": false,
    "spriteSourceSize": { "x": 0, "y": 0, "w": 76, "h": 24 },
    "sourceSize": { "w": 76, "h": 24 },
    "duration": 180
   },
   {
    "filename": "31.aseprite",
    "frame": { "x": 2356, "y": 0, "w": 76, "h": 24 },
    "rotated": false,
    "trimmed": false,
    "spriteSourceSize": { "x": 0, "y": 0, "w": 76, "h": 24 },
    "sourceSize": { "w": 76, "h": 24 },
    "duration": 180
   },
   {
    "filename": "32.aseprite",
    "frame": { "x": 2432, "y": 0, "w": 76, "h": 24 },
    "rotated": false,
    "trimmed": false,
    "spriteSourceSize": { "x": 0, "y": 0, "w": 76, "h": 24 },
    "sourceSize": { "w": 76, "h": 24 },
    "duration": 180
   },
   {
    "filename": "33.aseprite",
    "frame": { "x": 2508, "y": 0, "w": 76, "h": 24 },
    "rotated": false,
    "trimmed": false,
    "spriteSourceSize": { "x": 0, "y": 0, "w": 76, "h": 24 },
    "sourceSize": { "w": 76, "h": 24 },
    "duration": 180
   },
   {
    "filename": "34.aseprite",
    "frame": { "x": 2584, "y": 0, "w": 76, "h": 24 },
    "rotated": false,
    "trimmed": false,
    "spriteSourceSize": { "x": 0, "y": 0, "w": 76, "h": 24 },
    "sourceSize": { "w": 76, "h": 24 },
    "duration": 180
   },
   {
    "filename": "35.aseprite",
    "frame": { "x": 2660, "y": 0, "w": 76, "h": 24 },
    "rotated": false,
    "trimmed": false,
    "spriteSourceSize": { "x": 0, "y": 0, "w": 76, "h": 24 },
    "sourceSize": { "w": 76, "h": 24 },
    "duration": 180
   },
   {
    "filename": "36.aseprite",
    "frame": { "x": 2736, "y": 0, "w": 76, "h": 24 },
    "rotated": false,
    "trimmed": false,
    "spriteSourceSize": { "x": 0, "y": 0, "w": 76, "h": 24 },
    "sourceSize": { "w": 76, "h": 24 },
    "duration": 180
   },
   {
    "filename": "37.aseprite",
    "frame": { "x": 2812, "y": 0, "w": 76, "h": 24 },
    "rotated": false,
    "trimmed": false,
    "spriteSourceSize": { "x": 0, "y": 0, "w": 76, "h": 24 },
    "sourceSize": { "w": 76, "h": 24 },
    "duration": 180
   },
   {
    "filename": "38.aseprite",
    "frame": { "x": 2888, "y": 0, "w": 76, "h": 24 },
    "rotated": false,
    "trimmed": false,
    "spriteSourceSize": { "x": 0, "y": 0, "w": 76, "h": 24 },
    "sourceSize": { "w": 76, "h": 24 },
    "duration": 180
   },
   {
    "filename": "39.aseprite",
    "frame": { "x": 2964, "y": 0, "w": 76, "h": 24 },
    "rotated": false,
    "trimmed": false,
    "spriteSourceSize": { "x": 0, "y": 0, "w": 76, "h": 24 },
    "sourceSize": { "w": 76, "h": 24 },
    "duration": 180
   },
   {
    "filename": "40.aseprite",
    "frame": { "x": 3040, "y": 0, "w": 76, "h": 24 },
    "rotated": false,
    "trimmed": false,
    "spriteSourceSize": { "x": 0, "y": 0, "w": 76, "h": 24 },
    "sourceSize": { "w": 76, "h": 24 },
    "duration": 180
   },
   {
    "filename": "41.aseprite",
    "frame": { "x": 3116, "y": 0, "w": 76, "h": 24 },
    "rotated": false,
    "trimmed": false,
    "spriteSourceSize": { "x": 0, "y": 0, "w": 76, "h": 24 },
    "sourceSize": { "w": 76, "h": 24 },
    "duration": 180
   },
   {
    "filename": "42.aseprite",
    "frame": { "x": 3192, "y": 0, "w": 76, "h": 24 },
    "rotated": false,
    "trimmed": false,
    "spriteSourceSize": { "x": 0, "y": 0, "w": 76, "h": 24 },
    "sourceSize": { "w": 76, "h": 24 },
    "duration": 180
   },
   {
    "filename": "43.aseprite",
    "frame": { "x": 3268, "y": 0, "w": 76, "h": 24 },
    "rotated": false,
    "trimmed": false,
    "spriteSourceSize": { "x": 0, "y": 0, "w": 76, "h": 24 },
    "sourceSize": { "w": 76, "h": 24 },
    "duration": 180
   },
   {
    "filename": "44.aseprite",
    "frame": { "x": 3344, "y": 0, "w": 76, "h": 24 },
    "rotated": false,
    "trimmed": false,
    "spriteSourceSize": { "x": 0, "y": 0, "w": 76, "h": 24 },
    "sourceSize": { "w": 76, "h": 24 },
    "duration": 180
   },
   {
    "filename": "45.aseprite",
    "frame": { "x": 3420, "y": 0, "w": 76, "h": 24 },
    "rotated": false,
    "trimmed": false,
    "spriteSourceSize": { "x": 0, "y": 0, "w": 76, "h": 24 },
    "sourceSize": { "w": 76, "h": 24 },
    "duration": 180
   },
   {
    "filename": "46.aseprite",
    "frame": { "x": 3496, "y": 0, "w": 76, "h": 24 },
    "rotated": false,
    "trimmed": false,
    "spriteSourceSize": { "x": 0, "y": 0, "w": 76, "h": 24 },
    "sourceSize": { "w": 76, "h": 24 },
    "duration": 180
   },
   {
    "filename": "47.aseprite",
    "frame": { "x": 3572, "y": 0, "w": 76, "h": 24 },
    "rotated": false,
    "trimmed": false,
    "spriteSourceSize": { "x": 0, "y": 0, "w": 76, "h": 24 },
    "sourceSize": { "w": 76, "h": 24 },
    "duration": 180
   },
   {
    "filename": "48.aseprite",
    "frame": { "x": 3648, "y": 0, "w": 76, "h": 24 },
    "rotated": false,
    "trimmed": false,
    "spriteSourceSize": { "x": 0, "y": 0, "w": 76, "h": 24 },
    "sourceSize": { "w": 76, "h": 24 },
    "duration": 180
   },
   {
    "filename": "49.aseprite",
    "frame": { "x": 3724, "y": 0, "w": 76, "h": 24 },
    "rotated": false,
    "trimmed": false,
    "spriteSourceSize": { "x": 0, "y": 0, "w": 76, "h": 24 },
    "sourceSize": { "w": 76, "h": 24 },
    "duration": 180
   }
 ],
 "meta": {
  "app": "http://www.aseprite.org/",
  "version": "1.2.29-x64",
  "image": "Clouds01.png",
  "format": "RGBA8888",
  "size": { "w": 3800, "h": 24 },
  "scale": "1"
 }
}
