{ "frames": [
   {
    "filename": "0.aseprite",
    "frame": { "x": 0, "y": 0, "w": 52, "h": 62 },
    "rotated": false,
    "trimmed": false,
    "spriteSourceSize": { "x": 0, "y": 0, "w": 52, "h": 62 },
    "sourceSize": { "w": 52, "h": 62 },
    "duration": 120
   },
   {
    "filename": "1.aseprite",
    "frame": { "x": 0, "y": 0, "w": 52, "h": 62 },
    "rotated": false,
    "trimmed": false,
    "spriteSourceSize": { "x": 0, "y": 0, "w": 52, "h": 62 },
    "sourceSize": { "w": 52, "h": 62 },
    "duration": 120
   },
   {
    "filename": "2.aseprite",
    "frame": { "x": 0, "y": 0, "w": 52, "h": 62 },
    "rotated": false,
    "trimmed": false,
    "spriteSourceSize": { "x": 0, "y": 0, "w": 52, "h": 62 },
    "sourceSize": { "w": 52, "h": 62 },
    "duration": 120
   },
   {
    "filename": "3.aseprite",
    "frame": { "x": 0, "y": 0, "w": 52, "h": 62 },
    "rotated": false,
    "trimmed": false,
    "spriteSourceSize": { "x": 0, "y": 0, "w": 52, "h": 62 },
    "sourceSize": { "w": 52, "h": 62 },
    "duration": 120
   },
   {
    "filename": "4.aseprite",
    "frame": { "x": 0, "y": 0, "w": 52, "h": 62 },
    "rotated": false,
    "trimmed": false,
    "spriteSourceSize": { "x": 0, "y": 0, "w": 52, "h": 62 },
    "sourceSize": { "w": 52, "h": 62 },
    "duration": 120
   },
   {
    "filename": "5.aseprite",
    "frame": { "x": 0, "y": 0, "w": 52, "h": 62 },
    "rotated": false,
    "trimmed": false,
    "spriteSourceSize": { "x": 0, "y": 0, "w": 52, "h": 62 },
    "sourceSize": { "w": 52, "h": 62 },
    "duration": 120
   },
   {
    "filename": "6.aseprite",
    "frame": { "x": 0, "y": 0, "w": 52, "h": 62 },
    "rotated": false,
    "trimmed": false,
    "spriteSourceSize": { "x": 0, "y": 0, "w": 52, "h": 62 },
    "sourceSize": { "w": 52, "h": 62 },
    "duration": 120
   },
   {
    "filename": "7.aseprite",
    "frame": { "x": 0, "y": 0, "w": 52, "h": 62 },
    "rotated": false,
    "trimmed": false,
    "spriteSourceSize": { "x": 0, "y": 0, "w": 52, "h": 62 },
    "sourceSize": { "w": 52, "h": 62 },
    "duration": 120
   },
   {
    "filename": "8.aseprite",
    "frame": { "x": 0, "y": 0, "w": 52, "h": 62 },
    "rotated": false,
    "trimmed": false,
    "spriteSourceSize": { "x": 0, "y": 0, "w": 52, "h": 62 },
    "sourceSize": { "w": 52, "h": 62 },
    "duration": 120
   },
   {
    "filename": "9.aseprite",
    "frame": { "x": 0, "y": 0, "w": 52, "h": 62 },
    "rotated": false,
    "trimmed": false,
    "spriteSourceSize": { "x": 0, "y": 0, "w": 52, "h": 62 },
    "sourceSize": { "w": 52, "h": 62 },
    "duration": 120
   },
   {
    "filename": "10.aseprite",
    "frame": { "x": 0, "y": 0, "w": 52, "h": 62 },
    "rotated": false,
    "trimmed": false,
    "spriteSourceSize": { "x": 0, "y": 0, "w": 52, "h": 62 },
    "sourceSize": { "w": 52, "h": 62 },
    "duration": 120
   },
   {
    "filename": "11.aseprite",
    "frame": { "x": 52, "y": 0, "w": 52, "h": 62 },
    "rotated": false,
    "trimmed": false,
    "spriteSourceSize": { "x": 0, "y": 0, "w": 52, "h": 62 },
    "sourceSize": { "w": 52, "h": 62 },
    "duration": 120
   },
   {
    "filename": "12.aseprite",
    "frame": { "x": 104, "y": 0, "w": 52, "h": 62 },
    "rotated": false,
    "trimmed": false,
    "spriteSourceSize": { "x": 0, "y": 0, "w": 52, "h": 62 },
    "sourceSize": { "w": 52, "h": 62 },
    "duration": 120
   },
   {
    "filename": "13.aseprite",
    "frame": { "x": 156, "y": 0, "w": 52, "h": 62 },
    "rotated": false,
    "trimmed": false,
    "spriteSourceSize": { "x": 0, "y": 0, "w": 52, "h": 62 },
    "sourceSize": { "w": 52, "h": 62 },
    "duration": 120
   },
   {
    "filename": "14.aseprite",
    "frame": { "x": 208, "y": 0, "w": 52, "h": 62 },
    "rotated": false,
    "trimmed": false,
    "spriteSourceSize": { "x": 0, "y": 0, "w": 52, "h": 62 },
    "sourceSize": { "w": 52, "h": 62 },
    "duration": 120
   },
   {
    "filename": "15.aseprite",
    "frame": { "x": 260, "y": 0, "w": 52, "h": 62 },
    "rotated": false,
    "trimmed": false,
    "spriteSourceSize": { "x": 0, "y": 0, "w": 52, "h": 62 },
    "sourceSize": { "w": 52, "h": 62 },
    "duration": 120
   },
   {
    "filename": "16.aseprite",
    "frame": { "x": 312, "y": 0, "w": 52, "h": 62 },
    "rotated": false,
    "trimmed": false,
    "spriteSourceSize": { "x": 0, "y": 0, "w": 52, "h": 62 },
    "sourceSize": { "w": 52, "h": 62 },
    "duration": 120
   },
   {
    "filename": "17.aseprite",
    "frame": { "x": 364, "y": 0, "w": 52, "h": 62 },
    "rotated": false,
    "trimmed": false,
    "spriteSourceSize": { "x": 0, "y": 0, "w": 52, "h": 62 },
    "sourceSize": { "w": 52, "h": 62 },
    "duration": 120
   },
   {
    "filename": "18.aseprite",
    "frame": { "x": 416, "y": 0, "w": 52, "h": 62 },
    "rotated": false,
    "trimmed": false,
    "spriteSourceSize": { "x": 0, "y": 0, "w": 52, "h": 62 },
    "sourceSize": { "w": 52, "h": 62 },
    "duration": 120
   },
   {
    "filename": "19.aseprite",
    "frame": { "x": 468, "y": 0, "w": 52, "h": 62 },
    "rotated": false,
    "trimmed": false,
    "spriteSourceSize": { "x": 0, "y": 0, "w": 52, "h": 62 },
    "sourceSize": { "w": 52, "h": 62 },
    "duration": 120
   },
   {
    "filename": "20.aseprite",
    "frame": { "x": 0, "y": 0, "w": 52, "h": 62 },
    "rotated": false,
    "trimmed": false,
    "spriteSourceSize": { "x": 0, "y": 0, "w": 52, "h": 62 },
    "sourceSize": { "w": 52, "h": 62 },
    "duration": 120
   },
   {
    "filename": "21.aseprite",
    "frame": { "x": 0, "y": 0, "w": 52, "h": 62 },
    "rotated": false,
    "trimmed": false,
    "spriteSourceSize": { "x": 0, "y": 0, "w": 52, "h": 62 },
    "sourceSize": { "w": 52, "h": 62 },
    "duration": 120
   },
   {
    "filename": "22.aseprite",
    "frame": { "x": 0, "y": 0, "w": 52, "h": 62 },
    "rotated": false,
    "trimmed": false,
    "spriteSourceSize": { "x": 0, "y": 0, "w": 52, "h": 62 },
    "sourceSize": { "w": 52, "h": 62 },
    "duration": 120
   },
   {
    "filename": "23.aseprite",
    "frame": { "x": 520, "y": 0, "w": 52, "h": 62 },
    "rotated": false,
    "trimmed": false,
    "spriteSourceSize": { "x": 0, "y": 0, "w": 52, "h": 62 },
    "sourceSize": { "w": 52, "h": 62 },
    "duration": 120
   },
   {
    "filename": "24.aseprite",
    "frame": { "x": 572, "y": 0, "w": 52, "h": 62 },
    "rotated": false,
    "trimmed": false,
    "spriteSourceSize": { "x": 0, "y": 0, "w": 52, "h": 62 },
    "sourceSize": { "w": 52, "h": 62 },
    "duration": 120
   },
   {
    "filename": "25.aseprite",
    "frame": { "x": 624, "y": 0, "w": 52, "h": 62 },
    "rotated": false,
    "trimmed": false,
    "spriteSourceSize": { "x": 0, "y": 0, "w": 52, "h": 62 },
    "sourceSize": { "w": 52, "h": 62 },
    "duration": 120
   },
   {
    "filename": "26.aseprite",
    "frame": { "x": 676, "y": 0, "w": 52, "h": 62 },
    "rotated": false,
    "trimmed": false,
    "spriteSourceSize": { "x": 0, "y": 0, "w": 52, "h": 62 },
    "sourceSize": { "w": 52, "h": 62 },
    "duration": 120
   },
   {
    "filename": "27.aseprite",
    "frame": { "x": 728, "y": 0, "w": 52, "h": 62 },
    "rotated": false,
    "trimmed": false,
    "spriteSourceSize": { "x": 0, "y": 0, "w": 52, "h": 62 },
    "sourceSize": { "w": 52, "h": 62 },
    "duration": 120
   },
   {
    "filename": "28.aseprite",
    "frame": { "x": 780, "y": 0, "w": 52, "h": 62 },
    "rotated": false,
    "trimmed": false,
    "spriteSourceSize": { "x": 0, "y": 0, "w": 52, "h": 62 },
    "sourceSize": { "w": 52, "h": 62 },
    "duration": 120
   },
   {
    "filename": "29.aseprite",
    "frame": { "x": 832, "y": 0, "w": 52, "h": 62 },
    "rotated": false,
    "trimmed": false,
    "spriteSourceSize": { "x": 0, "y": 0, "w": 52, "h": 62 },
    "sourceSize": { "w": 52, "h": 62 },
    "duration": 120
   },
   {
    "filename": "30.aseprite",
    "frame": { "x": 884, "y": 0, "w": 52, "h": 62 },
    "rotated": false,
    "trimmed": false,
    "spriteSourceSize": { "x": 0, "y": 0, "w": 52, "h": 62 },
    "sourceSize": { "w": 52, "h": 62 },
    "duration": 120
   },
   {
    "filename": "31.aseprite",
    "frame": { "x": 936, "y": 0, "w": 52, "h": 62 },
    "rotated": false,
    "trimmed": false,
    "spriteSourceSize": { "x": 0, "y": 0, "w": 52, "h": 62 },
    "sourceSize": { "w": 52, "h": 62 },
    "duration": 120
   },
   {
    "filename": "32.aseprite",
    "frame": { "x": 988, "y": 0, "w": 52, "h": 62 },
    "rotated": false,
    "trimmed": false,
    "spriteSourceSize": { "x": 0, "y": 0, "w": 52, "h": 62 },
    "sourceSize": { "w": 52, "h": 62 },
    "duration": 120
   },
   {
    "filename": "33.aseprite",
    "frame": { "x": 1040, "y": 0, "w": 52, "h": 62 },
    "rotated": false,
    "trimmed": false,
    "spriteSourceSize": { "x": 0, "y": 0, "w": 52, "h": 62 },
    "sourceSize": { "w": 52, "h": 62 },
    "duration": 120
   },
   {
    "filename": "34.aseprite",
    "frame": { "x": 1092, "y": 0, "w": 52, "h": 62 },
    "rotated": false,
    "trimmed": false,
    "spriteSourceSize": { "x": 0, "y": 0, "w": 52, "h": 62 },
    "sourceSize": { "w": 52, "h": 62 },
    "duration": 120
   },
   {
    "filename": "35.aseprite",
    "frame": { "x": 1144, "y": 0, "w": 52, "h": 62 },
    "rotated": false,
    "trimmed": false,
    "spriteSourceSize": { "x": 0, "y": 0, "w": 52, "h": 62 },
    "sourceSize": { "w": 52, "h": 62 },
    "duration": 120
   },
   {
    "filename": "36.aseprite",
    "frame": { "x": 1196, "y": 0, "w": 52, "h": 62 },
    "rotated": false,
    "trimmed": false,
    "spriteSourceSize": { "x": 0, "y": 0, "w": 52, "h": 62 },
    "sourceSize": { "w": 52, "h": 62 },
    "duration": 120
   },
   {
    "filename": "37.aseprite",
    "frame": { "x": 1248, "y": 0, "w": 52, "h": 62 },
    "rotated": false,
    "trimmed": false,
    "spriteSourceSize": { "x": 0, "y": 0, "w": 52, "h": 62 },
    "sourceSize": { "w": 52, "h": 62 },
    "duration": 120
   },
   {
    "filename": "38.aseprite",
    "frame": { "x": 1300, "y": 0, "w": 52, "h": 62 },
    "rotated": false,
    "trimmed": false,
    "spriteSourceSize": { "x": 0, "y": 0, "w": 52, "h": 62 },
    "sourceSize": { "w": 52, "h": 62 },
    "duration": 120
   },
   {
    "filename": "39.aseprite",
    "frame": { "x": 1352, "y": 0, "w": 52, "h": 62 },
    "rotated": false,
    "trimmed": false,
    "spriteSourceSize": { "x": 0, "y": 0, "w": 52, "h": 62 },
    "sourceSize": { "w": 52, "h": 62 },
    "duration": 120
   },
   {
    "filename": "40.aseprite",
    "frame": { "x": 1404, "y": 0, "w": 52, "h": 62 },
    "rotated": false,
    "trimmed": false,
    "spriteSourceSize": { "x": 0, "y": 0, "w": 52, "h": 62 },
    "sourceSize": { "w": 52, "h": 62 },
    "duration": 120
   },
   {
    "filename": "41.aseprite",
    "frame": { "x": 1456, "y": 0, "w": 52, "h": 62 },
    "rotated": false,
    "trimmed": false,
    "spriteSourceSize": { "x": 0, "y": 0, "w": 52, "h": 62 },
    "sourceSize": { "w": 52, "h": 62 },
    "duration": 120
   },
   {
    "filename": "42.aseprite",
    "frame": { "x": 1508, "y": 0, "w": 52, "h": 62 },
    "rotated": false,
    "trimmed": false,
    "spriteSourceSize": { "x": 0, "y": 0, "w": 52, "h": 62 },
    "sourceSize": { "w": 52, "h": 62 },
    "duration": 120
   },
   {
    "filename": "43.aseprite",
    "frame": { "x": 1560, "y": 0, "w": 52, "h": 62 },
    "rotated": false,
    "trimmed": false,
    "spriteSourceSize": { "x": 0, "y": 0, "w": 52, "h": 62 },
    "sourceSize": { "w": 52, "h": 62 },
    "duration": 120
   },
   {
    "filename": "44.aseprite",
    "frame": { "x": 1612, "y": 0, "w": 52, "h": 62 },
    "rotated": false,
    "trimmed": false,
    "spriteSourceSize": { "x": 0, "y": 0, "w": 52, "h": 62 },
    "sourceSize": { "w": 52, "h": 62 },
    "duration": 120
   },
   {
    "filename": "45.aseprite",
    "frame": { "x": 1664, "y": 0, "w": 52, "h": 62 },
    "rotated": false,
    "trimmed": false,
    "spriteSourceSize": { "x": 0, "y": 0, "w": 52, "h": 62 },
    "sourceSize": { "w": 52, "h": 62 },
    "duration": 120
   },
   {
    "filename": "46.aseprite",
    "frame": { "x": 1716, "y": 0, "w": 52, "h": 62 },
    "rotated": false,
    "trimmed": false,
    "spriteSourceSize": { "x": 0, "y": 0, "w": 52, "h": 62 },
    "sourceSize": { "w": 52, "h": 62 },
    "duration": 120
   },
   {
    "filename": "47.aseprite",
    "frame": { "x": 1768, "y": 0, "w": 52, "h": 62 },
    "rotated": false,
    "trimmed": false,
    "spriteSourceSize": { "x": 0, "y": 0, "w": 52, "h": 62 },
    "sourceSize": { "w": 52, "h": 62 },
    "duration": 120
   },
   {
    "filename": "48.aseprite",
    "frame": { "x": 1820, "y": 0, "w": 52, "h": 62 },
    "rotated": false,
    "trimmed": false,
    "spriteSourceSize": { "x": 0, "y": 0, "w": 52, "h": 62 },
    "sourceSize": { "w": 52, "h": 62 },
    "duration": 120
   },
   {
    "filename": "49.aseprite",
    "frame": { "x": 1872, "y": 0, "w": 52, "h": 62 },
    "rotated": false,
    "trimmed": false,
    "spriteSourceSize": { "x": 0, "y": 0, "w": 52, "h": 62 },
    "sourceSize": { "w": 52, "h": 62 },
    "duration": 120
   },
   {
    "filename": "50.aseprite",
    "frame": { "x": 1924, "y": 0, "w": 52, "h": 62 },
    "rotated": false,
    "trimmed": false,
    "spriteSourceSize": { "x": 0, "y": 0, "w": 52, "h": 62 },
    "sourceSize": { "w": 52, "h": 62 },
    "duration": 120
   },
   {
    "filename": "51.aseprite",
    "frame": { "x": 0, "y": 0, "w": 52, "h": 62 },
    "rotated": false,
    "trimmed": false,
    "spriteSourceSize": { "x": 0, "y": 0, "w": 52, "h": 62 },
    "sourceSize": { "w": 52, "h": 62 },
    "duration": 120
   },
   {
    "filename": "52.aseprite",
    "frame": { "x": 1976, "y": 0, "w": 52, "h": 62 },
    "rotated": false,
    "trimmed": false,
    "spriteSourceSize": { "x": 0, "y": 0, "w": 52, "h": 62 },
    "sourceSize": { "w": 52, "h": 62 },
    "duration": 120
   },
   {
    "filename": "53.aseprite",
    "frame": { "x": 2028, "y": 0, "w": 52, "h": 62 },
    "rotated": false,
    "trimmed": false,
    "spriteSourceSize": { "x": 0, "y": 0, "w": 52, "h": 62 },
    "sourceSize": { "w": 52, "h": 62 },
    "duration": 120
   },
   {
    "filename": "54.aseprite",
    "frame": { "x": 2080, "y": 0, "w": 52, "h": 62 },
    "rotated": false,
    "trimmed": false,
    "spriteSourceSize": { "x": 0, "y": 0, "w": 52, "h": 62 },
    "sourceSize": { "w": 52, "h": 62 },
    "duration": 120
   },
   {
    "filename": "55.aseprite",
    "frame": { "x": 2132, "y": 0, "w": 52, "h": 62 },
    "rotated": false,
    "trimmed": false,
    "spriteSourceSize": { "x": 0, "y": 0, "w": 52, "h": 62 },
    "sourceSize": { "w": 52, "h": 62 },
    "duration": 120
   },
   {
    "filename": "56.aseprite",
    "frame": { "x": 2184, "y": 0, "w": 52, "h": 62 },
    "rotated": false,
    "trimmed": false,
    "spriteSourceSize": { "x": 0, "y": 0, "w": 52, "h": 62 },
    "sourceSize": { "w": 52, "h": 62 },
    "duration": 120
   },
   {
    "filename": "57.aseprite",
    "frame": { "x": 2236, "y": 0, "w": 52, "h": 62 },
    "rotated": false,
    "trimmed": false,
    "spriteSourceSize": { "x": 0, "y": 0, "w": 52, "h": 62 },
    "sourceSize": { "w": 52, "h": 62 },
    "duration": 120
   },
   {
    "filename": "58.aseprite",
    "frame": { "x": 2288, "y": 0, "w": 52, "h": 62 },
    "rotated": false,
    "trimmed": false,
    "spriteSourceSize": { "x": 0, "y": 0, "w": 52, "h": 62 },
    "sourceSize": { "w": 52, "h": 62 },
    "duration": 120
   },
   {
    "filename": "59.aseprite",
    "frame": { "x": 2340, "y": 0, "w": 52, "h": 62 },
    "rotated": false,
    "trimmed": false,
    "spriteSourceSize": { "x": 0, "y": 0, "w": 52, "h": 62 },
    "sourceSize": { "w": 52, "h": 62 },
    "duration": 120
   },
   {
    "filename": "60.aseprite",
    "frame": { "x": 2392, "y": 0, "w": 52, "h": 62 },
    "rotated": false,
    "trimmed": false,
    "spriteSourceSize": { "x": 0, "y": 0, "w": 52, "h": 62 },
    "sourceSize": { "w": 52, "h": 62 },
    "duration": 120
   },
   {
    "filename": "61.aseprite",
    "frame": { "x": 2444, "y": 0, "w": 52, "h": 62 },
    "rotated": false,
    "trimmed": false,
    "spriteSourceSize": { "x": 0, "y": 0, "w": 52, "h": 62 },
    "sourceSize": { "w": 52, "h": 62 },
    "duration": 120
   },
   {
    "filename": "62.aseprite",
    "frame": { "x": 2496, "y": 0, "w": 52, "h": 62 },
    "rotated": false,
    "trimmed": false,
    "spriteSourceSize": { "x": 0, "y": 0, "w": 52, "h": 62 },
    "sourceSize": { "w": 52, "h": 62 },
    "duration": 120
   },
   {
    "filename": "63.aseprite",
    "frame": { "x": 2548, "y": 0, "w": 52, "h": 62 },
    "rotated": false,
    "trimmed": false,
    "spriteSourceSize": { "x": 0, "y": 0, "w": 52, "h": 62 },
    "sourceSize": { "w": 52, "h": 62 },
    "duration": 120
   },
   {
    "filename": "64.aseprite",
    "frame": { "x": 2600, "y": 0, "w": 52, "h": 62 },
    "rotated": false,
    "trimmed": false,
    "spriteSourceSize": { "x": 0, "y": 0, "w": 52, "h": 62 },
    "sourceSize": { "w": 52, "h": 62 },
    "duration": 120
   },
   {
    "filename": "65.aseprite",
    "frame": { "x": 2652, "y": 0, "w": 52, "h": 62 },
    "rotated": false,
    "trimmed": false,
    "spriteSourceSize": { "x": 0, "y": 0, "w": 52, "h": 62 },
    "sourceSize": { "w": 52, "h": 62 },
    "duration": 120
   },
   {
    "filename": "66.aseprite",
    "frame": { "x": 2704, "y": 0, "w": 52, "h": 62 },
    "rotated": false,
    "trimmed": false,
    "spriteSourceSize": { "x": 0, "y": 0, "w": 52, "h": 62 },
    "sourceSize": { "w": 52, "h": 62 },
    "duration": 120
   },
   {
    "filename": "67.aseprite",
    "frame": { "x": 2756, "y": 0, "w": 52, "h": 62 },
    "rotated": false,
    "trimmed": false,
    "spriteSourceSize": { "x": 0, "y": 0, "w": 52, "h": 62 },
    "sourceSize": { "w": 52, "h": 62 },
    "duration": 120
   },
   {
    "filename": "68.aseprite",
    "frame": { "x": 2808, "y": 0, "w": 52, "h": 62 },
    "rotated": false,
    "trimmed": false,
    "spriteSourceSize": { "x": 0, "y": 0, "w": 52, "h": 62 },
    "sourceSize": { "w": 52, "h": 62 },
    "duration": 120
   },
   {
    "filename": "69.aseprite",
    "frame": { "x": 2860, "y": 0, "w": 52, "h": 62 },
    "rotated": false,
    "trimmed": false,
    "spriteSourceSize": { "x": 0, "y": 0, "w": 52, "h": 62 },
    "sourceSize": { "w": 52, "h": 62 },
    "duration": 120
   },
   {
    "filename": "70.aseprite",
    "frame": { "x": 2912, "y": 0, "w": 52, "h": 62 },
    "rotated": false,
    "trimmed": false,
    "spriteSourceSize": { "x": 0, "y": 0, "w": 52, "h": 62 },
    "sourceSize": { "w": 52, "h": 62 },
    "duration": 120
   },
   {
    "filename": "71.aseprite",
    "frame": { "x": 2964, "y": 0, "w": 52, "h": 62 },
    "rotated": false,
    "trimmed": false,
    "spriteSourceSize": { "x": 0, "y": 0, "w": 52, "h": 62 },
    "sourceSize": { "w": 52, "h": 62 },
    "duration": 120
   },
   {
    "filename": "72.aseprite",
    "frame": { "x": 3016, "y": 0, "w": 52, "h": 62 },
    "rotated": false,
    "trimmed": false,
    "spriteSourceSize": { "x": 0, "y": 0, "w": 52, "h": 62 },
    "sourceSize": { "w": 52, "h": 62 },
    "duration": 120
   },
   {
    "filename": "73.aseprite",
    "frame": { "x": 0, "y": 0, "w": 52, "h": 62 },
    "rotated": false,
    "trimmed": false,
    "spriteSourceSize": { "x": 0, "y": 0, "w": 52, "h": 62 },
    "sourceSize": { "w": 52, "h": 62 },
    "duration": 120
   },
   {
    "filename": "74.aseprite",
    "frame": { "x": 0, "y": 0, "w": 52, "h": 62 },
    "rotated": false,
    "trimmed": false,
    "spriteSourceSize": { "x": 0, "y": 0, "w": 52, "h": 62 },
    "sourceSize": { "w": 52, "h": 62 },
    "duration": 120
   }
 ],
 "meta": {
  "app": "http://www.aseprite.org/",
  "version": "1.2.29-x64",
  "image": "Fireworks02.png",
  "format": "RGBA8888",
  "size": { "w": 3068, "h": 62 },
  "scale": "1"
 }
}
