{ "frames": [
   {
    "filename": "Ultimate Dragons_default 0.aseprite",
    "frame": { "x": 0, "y": 0, "w": 44, "h": 68 },
    "rotated": false,
    "trimmed": false,
    "spriteSourceSize": { "x": 0, "y": 0, "w": 44, "h": 68 },
    "sourceSize": { "w": 44, "h": 68 },
    "duration": 100
   },
   {
    "filename": "Ultimate Dragons_default 1.aseprite",
    "frame": { "x": 44, "y": 0, "w": 44, "h": 68 },
    "rotated": false,
    "trimmed": false,
    "spriteSourceSize": { "x": 0, "y": 0, "w": 44, "h": 68 },
    "sourceSize": { "w": 44, "h": 68 },
    "duration": 100
   },
   {
    "filename": "Ultimate Dragons_default 2.aseprite",
    "frame": { "x": 88, "y": 0, "w": 44, "h": 68 },
    "rotated": false,
    "trimmed": false,
    "spriteSourceSize": { "x": 0, "y": 0, "w": 44, "h": 68 },
    "sourceSize": { "w": 44, "h": 68 },
    "duration": 100
   },
   {
    "filename": "Ultimate Dragons_default 3.aseprite",
    "frame": { "x": 132, "y": 0, "w": 44, "h": 68 },
    "rotated": false,
    "trimmed": false,
    "spriteSourceSize": { "x": 0, "y": 0, "w": 44, "h": 68 },
    "sourceSize": { "w": 44, "h": 68 },
    "duration": 100
   },
   {
    "filename": "Ultimate Dragons_default 4.aseprite",
    "frame": { "x": 176, "y": 0, "w": 44, "h": 68 },
    "rotated": false,
    "trimmed": false,
    "spriteSourceSize": { "x": 0, "y": 0, "w": 44, "h": 68 },
    "sourceSize": { "w": 44, "h": 68 },
    "duration": 100
   },
   {
    "filename": "Ultimate Dragons_default 5.aseprite",
    "frame": { "x": 220, "y": 0, "w": 44, "h": 68 },
    "rotated": false,
    "trimmed": false,
    "spriteSourceSize": { "x": 0, "y": 0, "w": 44, "h": 68 },
    "sourceSize": { "w": 44, "h": 68 },
    "duration": 100
   },
   {
    "filename": "Ultimate Dragons_default 6.aseprite",
    "frame": { "x": 264, "y": 0, "w": 44, "h": 68 },
    "rotated": false,
    "trimmed": false,
    "spriteSourceSize": { "x": 0, "y": 0, "w": 44, "h": 68 },
    "sourceSize": { "w": 44, "h": 68 },
    "duration": 100
   },
   {
    "filename": "Ultimate Dragons_default 7.aseprite",
    "frame": { "x": 308, "y": 0, "w": 44, "h": 68 },
    "rotated": false,
    "trimmed": false,
    "spriteSourceSize": { "x": 0, "y": 0, "w": 44, "h": 68 },
    "sourceSize": { "w": 44, "h": 68 },
    "duration": 100
   },
   {
    "filename": "Ultimate Dragons_default 8.aseprite",
    "frame": { "x": 352, "y": 0, "w": 44, "h": 68 },
    "rotated": false,
    "trimmed": false,
    "spriteSourceSize": { "x": 0, "y": 0, "w": 44, "h": 68 },
    "sourceSize": { "w": 44, "h": 68 },
    "duration": 100
   },
   {
    "filename": "Ultimate Dragons_default 9.aseprite",
    "frame": { "x": 396, "y": 0, "w": 44, "h": 68 },
    "rotated": false,
    "trimmed": false,
    "spriteSourceSize": { "x": 0, "y": 0, "w": 44, "h": 68 },
    "sourceSize": { "w": 44, "h": 68 },
    "duration": 100
   },
   {
    "filename": "Ultimate Dragons_default 10.aseprite",
    "frame": { "x": 440, "y": 0, "w": 44, "h": 68 },
    "rotated": false,
    "trimmed": false,
    "spriteSourceSize": { "x": 0, "y": 0, "w": 44, "h": 68 },
    "sourceSize": { "w": 44, "h": 68 },
    "duration": 100
   },
   {
    "filename": "Ultimate Dragons_default 11.aseprite",
    "frame": { "x": 484, "y": 0, "w": 44, "h": 68 },
    "rotated": false,
    "trimmed": false,
    "spriteSourceSize": { "x": 0, "y": 0, "w": 44, "h": 68 },
    "sourceSize": { "w": 44, "h": 68 },
    "duration": 100
   },
   {
    "filename": "Ultimate Dragons_default 12.aseprite",
    "frame": { "x": 528, "y": 0, "w": 44, "h": 68 },
    "rotated": false,
    "trimmed": false,
    "spriteSourceSize": { "x": 0, "y": 0, "w": 44, "h": 68 },
    "sourceSize": { "w": 44, "h": 68 },
    "duration": 100
   },
   {
    "filename": "Ultimate Dragons_default 13.aseprite",
    "frame": { "x": 572, "y": 0, "w": 44, "h": 68 },
    "rotated": false,
    "trimmed": false,
    "spriteSourceSize": { "x": 0, "y": 0, "w": 44, "h": 68 },
    "sourceSize": { "w": 44, "h": 68 },
    "duration": 100
   },
   {
    "filename": "Ultimate Dragons_default 14.aseprite",
    "frame": { "x": 616, "y": 0, "w": 44, "h": 68 },
    "rotated": false,
    "trimmed": false,
    "spriteSourceSize": { "x": 0, "y": 0, "w": 44, "h": 68 },
    "sourceSize": { "w": 44, "h": 68 },
    "duration": 500
   },
   {
    "filename": "Ultimate Dragons_default 15.aseprite",
    "frame": { "x": 660, "y": 0, "w": 44, "h": 68 },
    "rotated": false,
    "trimmed": false,
    "spriteSourceSize": { "x": 0, "y": 0, "w": 44, "h": 68 },
    "sourceSize": { "w": 44, "h": 68 },
    "duration": 100
   },
   {
    "filename": "Ultimate Dragons_default 16.aseprite",
    "frame": { "x": 704, "y": 0, "w": 44, "h": 68 },
    "rotated": false,
    "trimmed": false,
    "spriteSourceSize": { "x": 0, "y": 0, "w": 44, "h": 68 },
    "sourceSize": { "w": 44, "h": 68 },
    "duration": 100
   },
   {
    "filename": "Ultimate Dragons_default 17.aseprite",
    "frame": { "x": 748, "y": 0, "w": 44, "h": 68 },
    "rotated": false,
    "trimmed": false,
    "spriteSourceSize": { "x": 0, "y": 0, "w": 44, "h": 68 },
    "sourceSize": { "w": 44, "h": 68 },
    "duration": 100
   },
   {
    "filename": "Ultimate Dragons_default 18.aseprite",
    "frame": { "x": 792, "y": 0, "w": 44, "h": 68 },
    "rotated": false,
    "trimmed": false,
    "spriteSourceSize": { "x": 0, "y": 0, "w": 44, "h": 68 },
    "sourceSize": { "w": 44, "h": 68 },
    "duration": 100
   },
   {
    "filename": "Ultimate Dragons_default 19.aseprite",
    "frame": { "x": 836, "y": 0, "w": 44, "h": 68 },
    "rotated": false,
    "trimmed": false,
    "spriteSourceSize": { "x": 0, "y": 0, "w": 44, "h": 68 },
    "sourceSize": { "w": 44, "h": 68 },
    "duration": 100
   },
   {
    "filename": "Ultimate Dragons_default 20.aseprite",
    "frame": { "x": 880, "y": 0, "w": 44, "h": 68 },
    "rotated": false,
    "trimmed": false,
    "spriteSourceSize": { "x": 0, "y": 0, "w": 44, "h": 68 },
    "sourceSize": { "w": 44, "h": 68 },
    "duration": 100
   },
   {
    "filename": "Ultimate Dragons_default 21.aseprite",
    "frame": { "x": 924, "y": 0, "w": 44, "h": 68 },
    "rotated": false,
    "trimmed": false,
    "spriteSourceSize": { "x": 0, "y": 0, "w": 44, "h": 68 },
    "sourceSize": { "w": 44, "h": 68 },
    "duration": 100
   },
   {
    "filename": "Ultimate Dragons_default 22.aseprite",
    "frame": { "x": 968, "y": 0, "w": 44, "h": 68 },
    "rotated": false,
    "trimmed": false,
    "spriteSourceSize": { "x": 0, "y": 0, "w": 44, "h": 68 },
    "sourceSize": { "w": 44, "h": 68 },
    "duration": 100
   },
   {
    "filename": "Ultimate Dragons_default 23.aseprite",
    "frame": { "x": 1012, "y": 0, "w": 44, "h": 68 },
    "rotated": false,
    "trimmed": false,
    "spriteSourceSize": { "x": 0, "y": 0, "w": 44, "h": 68 },
    "sourceSize": { "w": 44, "h": 68 },
    "duration": 100
   },
   {
    "filename": "Ultimate Dragons_default 24.aseprite",
    "frame": { "x": 1056, "y": 0, "w": 44, "h": 68 },
    "rotated": false,
    "trimmed": false,
    "spriteSourceSize": { "x": 0, "y": 0, "w": 44, "h": 68 },
    "sourceSize": { "w": 44, "h": 68 },
    "duration": 100
   },
   {
    "filename": "Ultimate Dragons_default 25.aseprite",
    "frame": { "x": 1100, "y": 0, "w": 44, "h": 68 },
    "rotated": false,
    "trimmed": false,
    "spriteSourceSize": { "x": 0, "y": 0, "w": 44, "h": 68 },
    "sourceSize": { "w": 44, "h": 68 },
    "duration": 100
   },
   {
    "filename": "Ultimate Dragons_default 26.aseprite",
    "frame": { "x": 1144, "y": 0, "w": 44, "h": 68 },
    "rotated": false,
    "trimmed": false,
    "spriteSourceSize": { "x": 0, "y": 0, "w": 44, "h": 68 },
    "sourceSize": { "w": 44, "h": 68 },
    "duration": 100
   },
   {
    "filename": "Ultimate Dragons_default 27.aseprite",
    "frame": { "x": 1188, "y": 0, "w": 44, "h": 68 },
    "rotated": false,
    "trimmed": false,
    "spriteSourceSize": { "x": 0, "y": 0, "w": 44, "h": 68 },
    "sourceSize": { "w": 44, "h": 68 },
    "duration": 100
   },
   {
    "filename": "Ultimate Dragons_default 28.aseprite",
    "frame": { "x": 1232, "y": 0, "w": 44, "h": 68 },
    "rotated": false,
    "trimmed": false,
    "spriteSourceSize": { "x": 0, "y": 0, "w": 44, "h": 68 },
    "sourceSize": { "w": 44, "h": 68 },
    "duration": 100
   },
   {
    "filename": "Ultimate Dragons_default 29.aseprite",
    "frame": { "x": 1276, "y": 0, "w": 44, "h": 68 },
    "rotated": false,
    "trimmed": false,
    "spriteSourceSize": { "x": 0, "y": 0, "w": 44, "h": 68 },
    "sourceSize": { "w": 44, "h": 68 },
    "duration": 100
   },
   {
    "filename": "Ultimate Dragons_default 30.aseprite",
    "frame": { "x": 1320, "y": 0, "w": 44, "h": 68 },
    "rotated": false,
    "trimmed": false,
    "spriteSourceSize": { "x": 0, "y": 0, "w": 44, "h": 68 },
    "sourceSize": { "w": 44, "h": 68 },
    "duration": 100
   },
   {
    "filename": "Ultimate Dragons_default 31.aseprite",
    "frame": { "x": 1364, "y": 0, "w": 44, "h": 68 },
    "rotated": false,
    "trimmed": false,
    "spriteSourceSize": { "x": 0, "y": 0, "w": 44, "h": 68 },
    "sourceSize": { "w": 44, "h": 68 },
    "duration": 100
   },
   {
    "filename": "Ultimate Dragons_default 32.aseprite",
    "frame": { "x": 1408, "y": 0, "w": 44, "h": 68 },
    "rotated": false,
    "trimmed": false,
    "spriteSourceSize": { "x": 0, "y": 0, "w": 44, "h": 68 },
    "sourceSize": { "w": 44, "h": 68 },
    "duration": 100
   },
   {
    "filename": "Ultimate Dragons_default 33.aseprite",
    "frame": { "x": 1452, "y": 0, "w": 44, "h": 68 },
    "rotated": false,
    "trimmed": false,
    "spriteSourceSize": { "x": 0, "y": 0, "w": 44, "h": 68 },
    "sourceSize": { "w": 44, "h": 68 },
    "duration": 100
   },
   {
    "filename": "Ultimate Dragons_default 34.aseprite",
    "frame": { "x": 1496, "y": 0, "w": 44, "h": 68 },
    "rotated": false,
    "trimmed": false,
    "spriteSourceSize": { "x": 0, "y": 0, "w": 44, "h": 68 },
    "sourceSize": { "w": 44, "h": 68 },
    "duration": 100
   },
   {
    "filename": "Ultimate Dragons_default 35.aseprite",
    "frame": { "x": 1540, "y": 0, "w": 44, "h": 68 },
    "rotated": false,
    "trimmed": false,
    "spriteSourceSize": { "x": 0, "y": 0, "w": 44, "h": 68 },
    "sourceSize": { "w": 44, "h": 68 },
    "duration": 1000
   }
 ],
 "meta": {
  "app": "http://www.aseprite.org/",
  "version": "1.2.25-x64",
  "image": "default07-sheet.png",
  "format": "RGBA8888",
  "size": { "w": 1584, "h": 68 },
  "scale": "1",
  "frameTags": [
  ],
  "layers": [
   { "name": "ground", "opacity": 255, "blendMode": "normal" },
   { "name": "grass", "opacity": 255, "blendMode": "normal" },
   { "name": "shadow", "opacity": 255, "blendMode": "normal" },
   { "name": "sheep legs", "opacity": 255, "blendMode": "normal" },
   { "name": "sheep", "opacity": 255, "blendMode": "normal" },
   { "name": "dragon", "opacity": 255, "blendMode": "normal" },
   { "name": "dragon legs", "opacity": 255, "blendMode": "normal" },
   { "name": "dragon wings", "opacity": 255, "blendMode": "normal" },
   { "name": "fire", "opacity": 255, "blendMode": "normal" },
   { "name": "grass", "opacity": 255, "blendMode": "normal" },
   { "name": "mask", "opacity": 255, "blendMode": "normal" },
   { "name": "mask Copy", "opacity": 255, "blendMode": "normal" },
   { "name": "mask Copy Copy", "opacity": 255, "blendMode": "normal" }
  ],
  "slices": [
  ]
 }
}
