{ 
  "treatment_store_button_content": {
    "type": "panel",
    "controls": [
      {
        "button_label@common_buttons.new_ui_binding_button_label": {
          "layer": 5
        }
      },
	  {
		"righthive_image": {
		"type": "image",
		"texture": "textures/ui/righthive", 
		"size": [11, 20 ], 

		"anchor_from": "bottom_right",
		"anchor_to": "bottom_right",
		"offset": [ -1, -2 ], 
		"layer": 5,

		"uv_size": [ 9, 20 ], 
		"uv": "@start.righthive_animation", 
		"disable_anim_fast_forward": true

		}
	  },
	  {
		"landing_image": {
		  "type": "image",
		  "texture": "textures/ui/landing", 
		  "size": [13, 8 ], 

		  "anchor_from": "bottom_left",
		  "anchor_to": "bottom_left",
		  "offset": [ 45, -1 ], 
		  "layer": 6,

		  "uv_size": [ 13, 8 ], 
		  "uv": "@start.landing_animation", 
		  "disable_anim_fast_forward": true
		  
		}
	  },
	  {
		"scientist1_image": {
		  "type": "image",
		  "texture": "textures/ui/scientist1", 
		  "size": [40, 48 ], 
	  
		  "anchor_from": "bottom_left",
		  "anchor_to": "bottom_left",
		  "offset": [ -11, 3 ], 
		 "layer": 7,

		  "uv_size": [ 40, 48 ], 
		  "uv": "@start.scientist1_animation", 
		  "disable_anim_fast_forward": true,
		  "ignored": "$hover_state"
	    }
      },
     {
	    "scientist2_image": {
		  "type": "image",
	      "texture": "textures/ui/scientist2", 
	      "size": [40, 48 ], 
	
	      "anchor_from": "bottom_left",
	      "anchor_to": "bottom_left",
	      "offset": [ -11, 3 ], 
	      "layer": 8,

	      "uv_size": [ 40, 48 ], 
	      "uv": "@start.scientist2_animation", 
	      "disable_anim_fast_forward": true,
	      "ignored": "(not $hover_state)"
	    }
	  },
	  {
	    "buzz1_image": {
		  "type": "image",
		  "texture": "textures/ui/buzz1", 
		  "size": [30, 20 ], 
	  
		  "anchor_from": "bottom_right",
		 "anchor_to": "bottom_right",
		  "offset": [ -13, -6 ], 
		  "layer": 9,
  
		  "uv_size": [ 30, 20 ], 
		  "uv": "@start.buzz1_animation", 
		  "disable_anim_fast_forward": true,
		  "ignored": "$hover_state"
	    }
	  },
	  {
	    "buzz2_image": {
		  "type": "image",
		  "texture": "textures/ui/buzz2", 
		  "size": [30, 20 ], 
		
		  "anchor_from": "bottom_right",
		  "anchor_to": "bottom_right",
		 "offset": [ -11, -6 ], 
		  "layer": 10,
	
		  "uv_size": [ 30, 20 ], 
		  "uv": "@start.buzz2_animation", 
		  "disable_anim_fast_forward": true,
		  "ignored": "(not $hover_state)"
	    }
	  }
	]
  },
  
  "store_button@common_buttons.light_content_button": {
    "size": [ "100% - 2px", "100% - 2px" ],
    "$pressed_button_name": "button.menu_store",
    "$button_text": "menu.store",
    "$button_content": "start.treatment_store_button_content",
    "$button_text_binding_type": "none",
    "$button_binding_condition": "none",
    "$button_text_grid_collection_name": "",
    "tts_inherit_siblings": true
  },

  "store_button_stack@start.stacked_row": {	
	"controls": [
	  {
		"store_button@start.store_button": {
        "enabled": "(not $store_disabled)",
        "$default_text_color": [0.3,0.3,0.3], 
        "$light_button_hover_text_color": [0,0,0],
        "$light_button_pressed_text_color": [1,1,1], 
        "$default_button_texture": "textures/ui/button_store", 
        "$hover_button_texture": "textures/ui/button_storehover",
        "$pressed_button_texture": "textures/ui/button_storepressed",
        "$pressed_button_nohover_texture": "textures/ui/button_storepressednohover",
        "$light_border_default_color": [0,0,0], 
        "$light_border_hover_color": [1,1,1], 
        "$light_border_pressed_color": [1,1,1],
		  "bindings": [
			{
			  "binding_name": "(not #has_marketplace_errors)",
			  "binding_name_override": "#visible"
			}
		  ]
		}
	  },
	  {
		"marketplace_error_button@common_buttons.dynamic_tooltip_notification_panel": {
		  "size": [ "100% - 2px", "100%" ],
		  "button_mappings": [
			{
			  "from_button_id": "button.menu_select",
			  "to_button_id": "button.menu_store_error",
			  "mapping_type": "pressed"
			},
			{
			  "to_button_id": "button.is_hovered",
			  "mapping_type": "pressed"
			}
		  ],
		  "consume_hover_events": false,
		  "focus_enabled": true,
		  "$dynamic_tooltip_button_visibility_binding_name": "#has_marketplace_errors",
		  "$tooltip_popup_visible_binding": "#marketplace_errors_tooltip_visible",
		  "$override_tooltip_popup_image": true,
		  "$tooltip_popup_override_image_panel": "start.store_error_image",
		  "$tooltip_text_binding_name": "#marketplace_error_text",
		  "$tool_tip_text_max_size": [ "300px", "default" ],
		  "$tooltip_panel_content": "start.store_error_content",
		  "bindings": [
			{
			  "binding_name": "#has_marketplace_errors",
			  "binding_name_override": "#visible"
			}
		  ]
		}
	  },
	  {
		"marketplace_error_icon@start.marketplace_error_icon": {
		  "anchor_from": "top_left",
		  "anchor_to": "top_left",
		  "offset": [ -2, 0 ],
		  "bindings": [
			{
			  "binding_name": "#has_marketplace_errors",
			  "binding_name_override": "#visible"
			}
		  ]
		}
	  }
	]
  },

  "landing_animation": {
    "anim_type": "flip_book", 
    "initial_uv": [ 0, 0 ], 
    "frame_count": 21, 
    "frame_step": 13, 
    "fps": 3, 
  "reversible": false 
  },

  "righthive_animation": {
    "anim_type": "flip_book", 
    "initial_uv": [ 0, 0 ], 
    "frame_count": 16, 
    "frame_step": 11, 
    "fps": 4, 
  "reversible": false 
  },
  
  "scientist1_animation": {
    "anim_type": "flip_book", 
    "initial_uv": [ 0, 0 ], 
    "frame_count": 36, 
    "frame_step": 40, 
    "fps": 8, 
  "reversible": false 
  },

  "scientist2_animation": {
    "anim_type": "flip_book", 
    "initial_uv": [ 0, 0 ], 
    "frame_count": 16, 
    "frame_step": 40, 
    "fps": 8, 
  "reversible": false 
  },

  "buzz1_animation": {
    "anim_type": "flip_book", 
    "initial_uv": [ 0, 0 ], 
    "frame_count": 32, 
    "frame_step": 30, 
    "fps": 7, 
  "reversible": false 
  },

  "buzz2_animation": {
    "anim_type": "flip_book", 
    "initial_uv": [ 0, 0 ], 
    "frame_count": 16, 
    "frame_step": 30, 
    "fps": 5, 
  "reversible": false 
  }.
  "main_buttons_panel": {
    "type": "panel",
    "size": [
      150,
      "100%c"
    ],
    "controls": [
      {
        "stacked_rows": {
          "type": "stack_panel",
          "size": [
            "100%",
            "100%c"
          ],
          "anchor_from": "bottom_middle",
          "anchor_to": "bottom_middle",
          "controls": [
            {
              "stacked_row_0@start.stacked_row": {
                "ignored": "(not $play_button_visible)",
                "controls": [
                  {
                    "play_button@start.play_button": {}
                  }
                ]
              }
            },
            {
              "course@start.stacked_row": {
                "ignored": "$courses_ignored",
                "controls": [
                  {
                    "course_button@start.course_button": {}
                  }
                ]
              }
            },
            {
              "featured_world@start.stacked_row": {
                "ignored": "$featured_world_ignored",
                "controls": [
                  {
                    "featured_world_button@start.featured_world_button": {}
                  }
                ]
              }
            },
            {
              "stacked_row_2@start.stacked_row": {
                "ignored": "(not $trial or $use_single_column_for_buttons)",
                "controls": [
                  {
                    "stacked_columns": {
                      "type": "stack_panel",
                      "size": [
                        "100%",
                        "100%"
                      ],
                      "orientation": "horizontal",
                      "controls": [
                        {
                          "stacked_col_0": {
                            "type": "panel",
                            "size": [
                              "fill",
                              "100%"
                            ],
                            "controls": [
                              {
                                "settings_button@start.settings_button": {}
                              }
                            ]
                          }
                        },
                        {
                          "stacked_col_1": {
                            "type": "panel",
                            "size": [
                              "fill",
                              "100%"
                            ],
                            "ignored": "($store_ignored)",
                            "controls": [
                              {
                                "store_button@start.store_button": {
                                  "enabled": "(not $store_disabled)"
                                }
                              },
                              {
                                "update_icon@start.update_prompt_icon": {
                                  "size": [
                                    "52.38%y",
                                    15
                                  ],
                                  "offset": [
                                    -16,
                                    -6
                                  ],
                                  "bindings": [
                                    {
                                      "binding_name": "#update_icon_visible",
                                      "binding_name_override": "#visible",
                                      "binding_condition": "always"
                                    }
                                  ]
                                }
                              },
                              {
                                "new_offers_icon@start.new_offers_icon": {
                                  "offset": [
                                    8,
                                    -6
                                  ],
                                  "anchor_from": "top_right",
                                  "anchor_to": "top_right",
                                  "bindings": [
                                    {
                                      "binding_name": "#new_offers",
                                      "binding_name_override": "#visible"
                                    }
                                  ]
                                }
                              }
                            ]
                          }
                        }
                      ]
                    }
                  }
                ]
              }
            },
            {
              "settings@start.stacked_row": {
                "ignored": "($trial and not $use_single_column_for_buttons)",
                "controls": [
                  {
                    "settings_button@start.settings_button": {}
                  }
                ]
              }
            },
            {
              "switch_accounts_row@start.stacked_row": {
                "ignored": "$switch_accounts_ignored",
                "controls": [
                  {
                    "switch_accounts@start.switch_accounts_button": {}
                  }
                ]
              }
            },
            {
              "store@start.store_button_stack": {
                "ignored": "(($trial and not $use_single_column_for_buttons) or ($store_ignored))"
              }
            },
            {
              "buy_game@start.stacked_row": {
                "controls": [
                  {
                    "buy_game_button@start.buy_game_button": {}
                  }
                ],
                "bindings": [
                  {
                    "binding_name": "#buy_game_visible",
                    "binding_name_override": "#visible"
                  }
                ]
              }
            },
            {
              "launch_editions@start.stacked_row": {
                "ignored": "($trial or not $supports_launching_legacy_version)",
                "controls": [
                  {
                    "launch_editions_button@start.launch_editions_button": {}
                  }
                ],
                "bindings": [
                  {
                    "binding_name": "#editions_visible",
                    "binding_name_override": "#visible"
                  }
                ]
              }
            }
          ]
        }
      }
    ]
  }
}