{
	"format_version": "1.10.0",
	"geometry.piglin": {
		"texturewidth": 128,
		"textureheight": 128,
		"visible_bounds_width": 2,
		"visible_bounds_height": 2,
		"visible_bounds_offset": [0, 1, 0],
		"bones": [
			{
				"name": "body",
				"pivot": [0, 24, 0],
				"cubes": [
					{"origin": [-4, 12, -2], "size": [8, 12, 4], "uv": [16, 16]},
					{"origin": [-4, 12, -2], "size": [8, 12, 4], "uv": [16, 32], "inflate": 0.5}
				]
			},
			{
				"name": "head",
				"pivot": [0, 24, 0],
				"cubes": [
					{"origin": [-5, 24, -4], "size": [10, 8, 8], "uv": [0, 0], "inflate": -0.02},
					{"origin": [-5, 24, -4], "size": [10, 8, 8], "uv": [36, 0], "inflate": 0.5},
					{"origin": [-2, 24, -5], "size": [4, 4, 1], "uv": [31, 1]},
					{"origin": [2, 24, -5], "size": [1, 2, 1], "uv": [2, 4]},
					{"origin": [-3, 24, -5], "size": [1, 2, 1], "uv": [2, 0]}
				]
			},
			{
				"name": "leftear",
				"parent": "head",
				"pivot": [5, 30, 0],
				"rotation": [0, 0, -30],
				"cubes": [
					{"origin": [4, 25, -2], "size": [1, 5, 4], "uv": [57, 38]}
				]
			},
			{
				"name": "rightear",
				"parent": "head",
				"pivot": [-5, 30, 0],
				"rotation": [0, 0, 30],
				"cubes": [
					{"origin": [-5, 25, -2], "size": [1, 5, 4], "uv": [57, 22]}
				]
			},
			{
				"name": "hat",
				"pivot": [0, 24, 0]
			},
			{
				"name": "rightarm",
				"pivot": [-5, 22, 0],
				"cubes": [
					{"origin": [-8, 12, -2], "size": [4, 12, 4], "uv": [40, 16]},
					{"origin": [-8, 12, -2], "size": [4, 12, 4], "uv": [40, 32], "inflate": 0.5}
				]
			},
			{
				"name": "rightItem",
				"pivot": [ -6, 15, 1 ],
				"neverRender": true,
				"parent": "rightarm"
			},
			{
				"name": "leftarm",
				"pivot": [5, 22, 0],
				"cubes": [
					{"origin": [4, 12, -2], "size": [4, 12, 4], "uv": [32, 48]},
					{"origin": [4, 12, -2], "size": [4, 12, 4], "uv": [48, 48], "inflate": 0.5}
				]
			},
			{
				"name": "rightleg",
				"pivot": [-1.9, 12, 0],
				"cubes": [
					{"origin": [-4, 0, -2], "size": [4, 12, 4], "uv": [0, 16]},
					{"origin": [-4, 0, -2], "size": [4, 12, 4], "uv": [0, 32], "inflate": 0.5}
				]
			},
			{
				"name": "leftleg",
				"pivot": [1.9, 12, 0],
				"cubes": [
					{"origin": [0, 0, -2], "size": [4, 12, 4], "uv": [16, 48]},
					{"origin": [0, 0, -2], "size": [4, 12, 4], "uv": [0, 48], "inflate": 0.5}
			]
	    }
	]
},
			"geometry.hoglin": {
				"texturewidth": 96,
				"textureheight": 96,
				"visible_bounds_width": 4,
				"visible_bounds_height": 2,
				"visible_bounds_offset": [0, 1, 0],
		    	"bones": [
			    	{
		    			"name": "body",
					"pivot": [0, 19, -3],
					"rotation": [-15, 0, 0],
					"cubes": [
						{"origin": [-8, 11, -7], "size": [16, 14, 26], "inflate": 0.02, "uv": [1, 1]},
						{"origin": [0, 21, -10], "size": [0, 10, 19], "inflate": 0.02, "uv": [5, 67]}
					]
				},
				{
					"name": "head",
					"pivot": [0, 22, -5],
					"rotation": [50, 0, 0],
					"parent": "body",
					"cubes": [
						{"origin": [-7, 21, -24], "size": [14, 6, 19], "uv": [1, 42]},
						{"origin": [-8, 22, -19], "size": [2, 11, 2], "uv": [6, 45]},
						{"origin": [6, 22, -19], "size": [2, 11, 2], "uv": [6, 45]}
					]
				},
				{
					"name": "rightear",
					"parent": "head",
					"pivot": [-7, 27, -7],
					"rotation": [0, 0, -50],
					"cubes": [
						{"origin": [-13, 26, -10], "size": [6, 1, 4], "uv": [4, 16]}
					]
				},
				{
					"name": "leftear",
					"parent": "head",
					"pivot": [7, 27, -7],
					"rotation": [0, 0, 50],
					"cubes": [
						{"origin": [7, 26, -10], "size": [6, 1, 4], "uv": [4, 21]}
				]
			},
			{
				"name": "hat",
				"pivot": [0, 24, 0]
			},
			{
				"name": "rightarm",
				"pivot": [-5, 22, 0],
				"cubes": [
					{"origin": [-8, 12, -2], "size": [4, 12, 4], "uv": [40, 16]},
					{"origin": [-8, 12, -2], "size": [4, 12, 4], "uv": [40, 32]}
				]
			},
			{
				"name": "rightItem",
				"pivot": [ -6, 15, 1 ],
				"neverRender": true,
				"parent": "rightarm"
				},
				{
					"name": "rightleg",
					"pivot" : [ 6, 8, 17 ],
					"cubes": [
						{"origin": [-8, 0, 13], "size": [5, 11, 5], "uv": [72, 43]},
						{"origin": [-8, 0, -6], "size": [6, 14, 6], "uv": [46, 75]}
					]
				},
				{
					"name": "leftleg",
					"pivot" : [ -6, 8, 17 ],
					"cubes": [
						{"origin": [3, 0, 13], "size": [5, 11, 5], "uv": [51, 43]},
			  			{"origin": [2, 0, -6], "size": [6, 14, 6], "uv": [71, 75]}
				]
			}
		]
	}
}