{
  "skins": [
    {
      "localization_name": "piglin",
      "geometry": "geometry.piglin",
      "texture": "piglin.png",
      "type": "Free"
    },
    {
      "localization_name": "zombie_piglin",
      "geometry": "geometry.piglin",
      "texture": "zombie_piglin.png",
      "type": "Free"
    },
    {
      "localization_name": "DevSteve",
      "geometry": "geometry.humanoid.custom",
      "texture": "steve_dev.png",
      "type": "Free"
    },
    {
      "localization_name": "DevAlex",
      "geometry": "geometry.humanoid.customSlim",
      "texture": "alex_dev.png",
      "type": "Free"
    },
    {
      "localization_name": "OceanEngineer",
      "geometry": "geometry.humanoid.custom",
      "texture": "MCOceanEngineer.png",
      "type": "Free"
    },
    {
      "localization_name": "ForestFighter",
      "geometry": "geometry.humanoid.custom",
      "texture": "MCForestFighter.png",
      "type": "Free"
    },
    {
      "localization_name": "IcePioneer",
      "geometry": "geometry.humanoid.custom",
      "texture": "MCIcePioneer.png",
      "type": "Free"
    },
    {
      "localization_name": "MesaArtisan",
      "geometry": "geometry.humanoid.custom",
      "texture": "MCMesaArtisan.png",
      "type": "Free"
    },
    {
      "localization_name": "SteveCake",
      "geometry": "geometry.humanoid.custom",
      "texture": "MCSteveCake.png",
      "type": "Free"
    },
    {
      "localization_name": "AlexGlobe",
      "geometry": "geometry.humanoid.customSlim",
      "texture": "MCAlexGlobe.png",
      "type": "Free"
    },
    {
      "localization_name": "SheepBlue",
      "geometry": "geometry.humanoid.custom",
      "texture": "MCSheepBlue.png",
      "type": "Free"
    },
    {
      "localization_name": "CardboardCos",
      "geometry": "geometry.humanoid.custom",
      "texture": "MCCardboardCos.png",
      "type": "Free"
    },
    {
      "localization_name": "PartyAlex",
      "geometry": "geometry.humanoid.customSlim",
      "texture": "MCPartyAlex.png",
      "type": "Free"
    },
    {
      "localization_name": "PartySteve",
      "geometry": "geometry.humanoid.custom",
      "texture": "MCPartySteve.png",
      "type": "Free"
    },
    {
      "localization_name": "Pinata",
      "geometry": "geometry.humanoid.custom",
      "texture": "MCPinata.png",
      "type": "Free"
    },
    {
      "localization_name": "CreeperCos",
      "geometry": "geometry.humanoid.custom",
      "texture": "MCCreeperCos.png",
      "type": "Free"
    },
    {
      "localization_name": "MojangNotch",
      "geometry": "geometry.humanoid.custom",
      "texture": "notch.png",
      "cape": "skin_packs/KeeCapes/MojangCape.png",
      "type": "Free"
    },
    {
      "localization_name": "Mojang",
      "geometry": "geometry.humanoid.custom",
      "texture": "skin_1.png",
      "cape": "skin_packs/KeeCapes/MojangCape.png",
      "type": "Free"
    },
    {
      "localization_name": "Mojang",
      "geometry": "geometry.humanoid.custom",
      "texture": "skin_2.png",
      "cape": "skin_packs/KeeCapes/MojangCape.png",
      "type": "Free"
    },
    {
      "localization_name": "Mojang2016",
      "geometry": "geometry.humanoid.custom",
      "texture": "skin_1.png",
      "cape": "skin_packs/KeeCapes/MojangCape2016.png",
      "type": "Free"
    },
    {
      "localization_name": "Mojang2016",
      "geometry": "geometry.humanoid.custom",
      "texture": "skin_2.png",
      "cape": "skin_packs/KeeCapes/MojangCape2016.png",
      "type": "Free"
    },
    {
      "localization_name": "Minecon2011",
      "geometry": "geometry.humanoid.custom",
      "texture": "skin_1.png",
      "cape": "skin_packs/KeeCapes/MC2011Cape.png",
      "type": "Free"
    },
    {
      "localization_name": "Minecon2011",
      "geometry": "geometry.humanoid.custom",
      "texture": "skin_2.png",
      "cape": "skin_packs/KeeCapes/MC2011Cape.png",
      "type": "Free"
    },
    {
      "localization_name": "MineconBlue",
      "geometry": "geometry.humanoid.custom",
      "texture": "skin_1.png",
      "cape": "skin_packs/KeeCapes/MC2011CapeBlue.png",
      "type": "Free"
    },
    {
      "localization_name": "MineconBlue",
      "geometry": "geometry.humanoid.custom",
      "texture": "skin_2.png",
      "cape": "skin_packs/KeeCapes/MC2011CapeBlue.png",
      "type": "Free"
    },
    {
      "localization_name": "Minecon2012",
      "geometry": "geometry.humanoid.custom",
      "texture": "skin_1.png",
      "cape": "skin_packs/KeeCapes/MC2012Cape.png",
      "type": "Free"
    },
    {
      "localization_name": "Minecon2012",
      "geometry": "geometry.humanoid.custom",
      "texture": "skin_2.png",
      "cape": "skin_packs/KeeCapes/MC2012Cape.png",
      "type": "Free"
    },
    {
      "localization_name": "Minecon2013",
      "geometry": "geometry.humanoid.custom",
      "texture": "skin_1.png",
      "cape": "skin_packs/KeeCapes/MC2013Cape.png",
      "type": "Free"
    },
    {
      "localization_name": "Minecon2013",
      "geometry": "geometry.humanoid.custom",
      "texture": "skin_2.png",
      "cape": "skin_packs/KeeCapes/MC2013Cape.png",
      "type": "Free"
    },
    {
      "localization_name": "Minecon2015",
      "geometry": "geometry.humanoid.custom",
      "texture": "skin_1.png",
      "cape": "skin_packs/KeeCapes/MC2015Cape.png",
      "type": "Free"
    },
    {
      "localization_name": "Minecon2015",
      "geometry": "geometry.humanoid.custom",
      "texture": "skin_2.png",
      "cape": "skin_packs/KeeCapes/MC2015Cape.png",
      "type": "Free"
    },
    {
      "localization_name": "Minecon2016",
      "geometry": "geometry.humanoid.custom",
      "texture": "skin_1.png",
      "cape": "skin_packs/KeeCapes/MC2016Cape.png",
      "type": "Free"
    },
    {
      "localization_name": "Minecon2016",
      "geometry": "geometry.humanoid.custom",
      "texture": "skin_2.png",
      "cape": "skin_packs/KeeCapes/MC2016Cape.png",
      "type": "Free"
    },
    {
      "localization_name": "Custom1",
      "geometry": "geometry.humanoid.custom",
      "texture": "skin_1.png",
      "cape": "skin_packs/KeeCapes/CustomCape_1.png",
      "type": "Free"
    },
    {        
      "localization_name": "Custom1",
      "geometry": "geometry.humanoid.custom",
      "texture": "skin_2.png",
      "cape": "skin_packs/KeeCapes/CustomCape_1.png",
      "type": "Free"
    },
    {        
      "localization_name": "Custom2",
      "geometry": "geometry.humanoid.custom",
      "texture": "skin_1.png",
      "cape": "skin_packs/KeeCapes/CustomCape_2.png",
      "type": "Free"
    },
    {
      "localization_name": "Custom2",
      "geometry": "geometry.humanoid.custom",
      "texture": "skin_2.png",
      "cape": "skin_packs/KeeCapes/CustomCape_2.png",
      "type": "Free"
    },
    {
      "localization_name": "Custom3",
      "geometry": "geometry.humanoid.custom",
      "texture": "skin_1.png",
      "cape": "skin_packs/KeeCapes/CustomCape_3.png",
      "type": "Free"
    },
    {
      "localization_name": "Custom3",
      "geometry": "geometry.humanoid.custom",
      "texture": "skin_2.png",
      "cape": "skin_packs/KeeCapes/CustomCape_3.png",
      "type": "Free"
    },
    {
    }
  ],
  "serialize_localization_name": "KeeCapes",
  "localization_name": "KeeCapes"
}