{ "frames": [
   {
    "filename": "Jurassic World_default 7 back up 0.aseprite",
    "frame": { "x": 0, "y": 0, "w": 44, "h": 72 },
    "rotated": false,
    "trimmed": false,
    "spriteSourceSize": { "x": 0, "y": 0, "w": 40, "h": 68 },
    "sourceSize": { "w": 40, "h": 68 },
    "duration": 100
   },
   {
    "filename": "Jurassic World_default 7 back up 1.aseprite",
    "frame": { "x": 44, "y": 0, "w": 44, "h": 72 },
    "rotated": false,
    "trimmed": false,
    "spriteSourceSize": { "x": 0, "y": 0, "w": 40, "h": 68 },
    "sourceSize": { "w": 40, "h": 68 },
    "duration": 100
   },
   {
    "filename": "Jurassic World_default 7 back up 2.aseprite",
    "frame": { "x": 44, "y": 0, "w": 44, "h": 72 },
    "rotated": false,
    "trimmed": false,
    "spriteSourceSize": { "x": 0, "y": 0, "w": 40, "h": 68 },
    "sourceSize": { "w": 40, "h": 68 },
    "duration": 100
   },
   {
    "filename": "Jurassic World_default 7 back up 3.aseprite",
    "frame": { "x": 44, "y": 0, "w": 44, "h": 72 },
    "rotated": false,
    "trimmed": false,
    "spriteSourceSize": { "x": 0, "y": 0, "w": 40, "h": 68 },
    "sourceSize": { "w": 40, "h": 68 },
    "duration": 100
   },
   {
    "filename": "Jurassic World_default 7 back up 4.aseprite",
    "frame": { "x": 44, "y": 0, "w": 44, "h": 72 },
    "rotated": false,
    "trimmed": false,
    "spriteSourceSize": { "x": 0, "y": 0, "w": 40, "h": 68 },
    "sourceSize": { "w": 40, "h": 68 },
    "duration": 100
   },
   {
    "filename": "Jurassic World_default 7 back up 5.aseprite",
    "frame": { "x": 44, "y": 0, "w": 44, "h": 72 },
    "rotated": false,
    "trimmed": false,
    "spriteSourceSize": { "x": 0, "y": 0, "w": 40, "h": 68 },
    "sourceSize": { "w": 40, "h": 68 },
    "duration": 100
   },
   {
    "filename": "Jurassic World_default 7 back up 6.aseprite",
    "frame": { "x": 44, "y": 0, "w": 44, "h": 72 },
    "rotated": false,
    "trimmed": false,
    "spriteSourceSize": { "x": 0, "y": 0, "w": 40, "h": 68 },
    "sourceSize": { "w": 40, "h": 68 },
    "duration": 100
   },
   {
    "filename": "Jurassic World_default 7 back up 7.aseprite",
    "frame": { "x": 44, "y": 0, "w": 44, "h": 72 },
    "rotated": false,
    "trimmed": false,
    "spriteSourceSize": { "x": 0, "y": 0, "w": 40, "h": 68 },
    "sourceSize": { "w": 40, "h": 68 },
    "duration": 100
   },
   {
    "filename": "Jurassic World_default 7 back up 8.aseprite",
    "frame": { "x": 44, "y": 0, "w": 44, "h": 72 },
    "rotated": false,
    "trimmed": false,
    "spriteSourceSize": { "x": 0, "y": 0, "w": 40, "h": 68 },
    "sourceSize": { "w": 40, "h": 68 },
    "duration": 100
   },
   {
    "filename": "Jurassic World_default 7 back up 9.aseprite",
    "frame": { "x": 44, "y": 0, "w": 44, "h": 72 },
    "rotated": false,
    "trimmed": false,
    "spriteSourceSize": { "x": 0, "y": 0, "w": 40, "h": 68 },
    "sourceSize": { "w": 40, "h": 68 },
    "duration": 100
   },
   {
    "filename": "Jurassic World_default 7 back up 10.aseprite",
    "frame": { "x": 44, "y": 0, "w": 44, "h": 72 },
    "rotated": false,
    "trimmed": false,
    "spriteSourceSize": { "x": 0, "y": 0, "w": 40, "h": 68 },
    "sourceSize": { "w": 40, "h": 68 },
    "duration": 100
   },
   {
    "filename": "Jurassic World_default 7 back up 11.aseprite",
    "frame": { "x": 44, "y": 0, "w": 44, "h": 72 },
    "rotated": false,
    "trimmed": false,
    "spriteSourceSize": { "x": 0, "y": 0, "w": 40, "h": 68 },
    "sourceSize": { "w": 40, "h": 68 },
    "duration": 100
   },
   {
    "filename": "Jurassic World_default 7 back up 12.aseprite",
    "frame": { "x": 88, "y": 0, "w": 44, "h": 72 },
    "rotated": false,
    "trimmed": false,
    "spriteSourceSize": { "x": 0, "y": 0, "w": 40, "h": 68 },
    "sourceSize": { "w": 40, "h": 68 },
    "duration": 100
   },
   {
    "filename": "Jurassic World_default 7 back up 13.aseprite",
    "frame": { "x": 132, "y": 0, "w": 44, "h": 72 },
    "rotated": false,
    "trimmed": false,
    "spriteSourceSize": { "x": 0, "y": 0, "w": 40, "h": 68 },
    "sourceSize": { "w": 40, "h": 68 },
    "duration": 100
   },
   {
    "filename": "Jurassic World_default 7 back up 14.aseprite",
    "frame": { "x": 176, "y": 0, "w": 44, "h": 72 },
    "rotated": false,
    "trimmed": false,
    "spriteSourceSize": { "x": 0, "y": 0, "w": 40, "h": 68 },
    "sourceSize": { "w": 40, "h": 68 },
    "duration": 100
   },
   {
    "filename": "Jurassic World_default 7 back up 15.aseprite",
    "frame": { "x": 176, "y": 0, "w": 44, "h": 72 },
    "rotated": false,
    "trimmed": false,
    "spriteSourceSize": { "x": 0, "y": 0, "w": 40, "h": 68 },
    "sourceSize": { "w": 40, "h": 68 },
    "duration": 100
   },
   {
    "filename": "Jurassic World_default 7 back up 16.aseprite",
    "frame": { "x": 44, "y": 0, "w": 44, "h": 72 },
    "rotated": false,
    "trimmed": false,
    "spriteSourceSize": { "x": 0, "y": 0, "w": 40, "h": 68 },
    "sourceSize": { "w": 40, "h": 68 },
    "duration": 100
   },
   {
    "filename": "Jurassic World_default 7 back up 17.aseprite",
    "frame": { "x": 132, "y": 0, "w": 44, "h": 72 },
    "rotated": false,
    "trimmed": false,
    "spriteSourceSize": { "x": 0, "y": 0, "w": 40, "h": 68 },
    "sourceSize": { "w": 40, "h": 68 },
    "duration": 100
   },
   {
    "filename": "Jurassic World_default 7 back up 18.aseprite",
    "frame": { "x": 220, "y": 0, "w": 44, "h": 72 },
    "rotated": false,
    "trimmed": false,
    "spriteSourceSize": { "x": 0, "y": 0, "w": 40, "h": 68 },
    "sourceSize": { "w": 40, "h": 68 },
    "duration": 100
   },
   {
    "filename": "Jurassic World_default 7 back up 19.aseprite",
    "frame": { "x": 264, "y": 0, "w": 44, "h": 72 },
    "rotated": false,
    "trimmed": false,
    "spriteSourceSize": { "x": 0, "y": 0, "w": 40, "h": 68 },
    "sourceSize": { "w": 40, "h": 68 },
    "duration": 100
   },
   {
    "filename": "Jurassic World_default 7 back up 20.aseprite",
    "frame": { "x": 308, "y": 0, "w": 44, "h": 72 },
    "rotated": false,
    "trimmed": false,
    "spriteSourceSize": { "x": 0, "y": 0, "w": 40, "h": 68 },
    "sourceSize": { "w": 40, "h": 68 },
    "duration": 100
   },
   {
    "filename": "Jurassic World_default 7 back up 21.aseprite",
    "frame": { "x": 352, "y": 0, "w": 44, "h": 72 },
    "rotated": false,
    "trimmed": false,
    "spriteSourceSize": { "x": 0, "y": 0, "w": 40, "h": 68 },
    "sourceSize": { "w": 40, "h": 68 },
    "duration": 100
   },
   {
    "filename": "Jurassic World_default 7 back up 22.aseprite",
    "frame": { "x": 396, "y": 0, "w": 44, "h": 72 },
    "rotated": false,
    "trimmed": false,
    "spriteSourceSize": { "x": 0, "y": 0, "w": 40, "h": 68 },
    "sourceSize": { "w": 40, "h": 68 },
    "duration": 100
   },
   {
    "filename": "Jurassic World_default 7 back up 23.aseprite",
    "frame": { "x": 440, "y": 0, "w": 44, "h": 72 },
    "rotated": false,
    "trimmed": false,
    "spriteSourceSize": { "x": 0, "y": 0, "w": 40, "h": 68 },
    "sourceSize": { "w": 40, "h": 68 },
    "duration": 100
   },
   {
    "filename": "Jurassic World_default 7 back up 24.aseprite",
    "frame": { "x": 484, "y": 0, "w": 44, "h": 72 },
    "rotated": false,
    "trimmed": false,
    "spriteSourceSize": { "x": 0, "y": 0, "w": 40, "h": 68 },
    "sourceSize": { "w": 40, "h": 68 },
    "duration": 100
   },
   {
    "filename": "Jurassic World_default 7 back up 25.aseprite",
    "frame": { "x": 528, "y": 0, "w": 44, "h": 72 },
    "rotated": false,
    "trimmed": false,
    "spriteSourceSize": { "x": 0, "y": 0, "w": 40, "h": 68 },
    "sourceSize": { "w": 40, "h": 68 },
    "duration": 100
   },
   {
    "filename": "Jurassic World_default 7 back up 26.aseprite",
    "frame": { "x": 572, "y": 0, "w": 44, "h": 72 },
    "rotated": false,
    "trimmed": false,
    "spriteSourceSize": { "x": 0, "y": 0, "w": 40, "h": 68 },
    "sourceSize": { "w": 40, "h": 68 },
    "duration": 100
   },
   {
    "filename": "Jurassic World_default 7 back up 27.aseprite",
    "frame": { "x": 616, "y": 0, "w": 44, "h": 72 },
    "rotated": false,
    "trimmed": false,
    "spriteSourceSize": { "x": 0, "y": 0, "w": 40, "h": 68 },
    "sourceSize": { "w": 40, "h": 68 },
    "duration": 100
   },
   {
    "filename": "Jurassic World_default 7 back up 28.aseprite",
    "frame": { "x": 660, "y": 0, "w": 44, "h": 72 },
    "rotated": false,
    "trimmed": false,
    "spriteSourceSize": { "x": 0, "y": 0, "w": 40, "h": 68 },
    "sourceSize": { "w": 40, "h": 68 },
    "duration": 100
   },
   {
    "filename": "Jurassic World_default 7 back up 29.aseprite",
    "frame": { "x": 704, "y": 0, "w": 44, "h": 72 },
    "rotated": false,
    "trimmed": false,
    "spriteSourceSize": { "x": 0, "y": 0, "w": 40, "h": 68 },
    "sourceSize": { "w": 40, "h": 68 },
    "duration": 100
   },
   {
    "filename": "Jurassic World_default 7 back up 30.aseprite",
    "frame": { "x": 748, "y": 0, "w": 44, "h": 72 },
    "rotated": false,
    "trimmed": false,
    "spriteSourceSize": { "x": 0, "y": 0, "w": 40, "h": 68 },
    "sourceSize": { "w": 40, "h": 68 },
    "duration": 100
   },
   {
    "filename": "Jurassic World_default 7 back up 31.aseprite",
    "frame": { "x": 792, "y": 0, "w": 44, "h": 72 },
    "rotated": false,
    "trimmed": false,
    "spriteSourceSize": { "x": 0, "y": 0, "w": 40, "h": 68 },
    "sourceSize": { "w": 40, "h": 68 },
    "duration": 100
   },
   {
    "filename": "Jurassic World_default 7 back up 32.aseprite",
    "frame": { "x": 836, "y": 0, "w": 44, "h": 72 },
    "rotated": false,
    "trimmed": false,
    "spriteSourceSize": { "x": 0, "y": 0, "w": 40, "h": 68 },
    "sourceSize": { "w": 40, "h": 68 },
    "duration": 100
   },
   {
    "filename": "Jurassic World_default 7 back up 33.aseprite",
    "frame": { "x": 880, "y": 0, "w": 44, "h": 72 },
    "rotated": false,
    "trimmed": false,
    "spriteSourceSize": { "x": 0, "y": 0, "w": 40, "h": 68 },
    "sourceSize": { "w": 40, "h": 68 },
    "duration": 100
   },
   {
    "filename": "Jurassic World_default 7 back up 34.aseprite",
    "frame": { "x": 924, "y": 0, "w": 44, "h": 72 },
    "rotated": false,
    "trimmed": false,
    "spriteSourceSize": { "x": 0, "y": 0, "w": 40, "h": 68 },
    "sourceSize": { "w": 40, "h": 68 },
    "duration": 100
   },
   {
    "filename": "Jurassic World_default 7 back up 35.aseprite",
    "frame": { "x": 968, "y": 0, "w": 44, "h": 72 },
    "rotated": false,
    "trimmed": false,
    "spriteSourceSize": { "x": 0, "y": 0, "w": 40, "h": 68 },
    "sourceSize": { "w": 40, "h": 68 },
    "duration": 100
   },
   {
    "filename": "Jurassic World_default 7 back up 36.aseprite",
    "frame": { "x": 1012, "y": 0, "w": 44, "h": 72 },
    "rotated": false,
    "trimmed": false,
    "spriteSourceSize": { "x": 0, "y": 0, "w": 40, "h": 68 },
    "sourceSize": { "w": 40, "h": 68 },
    "duration": 100
   },
   {
    "filename": "Jurassic World_default 7 back up 37.aseprite",
    "frame": { "x": 1056, "y": 0, "w": 44, "h": 72 },
    "rotated": false,
    "trimmed": false,
    "spriteSourceSize": { "x": 0, "y": 0, "w": 40, "h": 68 },
    "sourceSize": { "w": 40, "h": 68 },
    "duration": 100
   },
   {
    "filename": "Jurassic World_default 7 back up 38.aseprite",
    "frame": { "x": 1100, "y": 0, "w": 44, "h": 72 },
    "rotated": false,
    "trimmed": false,
    "spriteSourceSize": { "x": 0, "y": 0, "w": 40, "h": 68 },
    "sourceSize": { "w": 40, "h": 68 },
    "duration": 100
   },
   {
    "filename": "Jurassic World_default 7 back up 39.aseprite",
    "frame": { "x": 1144, "y": 0, "w": 44, "h": 72 },
    "rotated": false,
    "trimmed": false,
    "spriteSourceSize": { "x": 0, "y": 0, "w": 40, "h": 68 },
    "sourceSize": { "w": 40, "h": 68 },
    "duration": 100
   },
   {
    "filename": "Jurassic World_default 7 back up 40.aseprite",
    "frame": { "x": 1188, "y": 0, "w": 44, "h": 72 },
    "rotated": false,
    "trimmed": false,
    "spriteSourceSize": { "x": 0, "y": 0, "w": 40, "h": 68 },
    "sourceSize": { "w": 40, "h": 68 },
    "duration": 100
   },
   {
    "filename": "Jurassic World_default 7 back up 41.aseprite",
    "frame": { "x": 1232, "y": 0, "w": 44, "h": 72 },
    "rotated": false,
    "trimmed": false,
    "spriteSourceSize": { "x": 0, "y": 0, "w": 40, "h": 68 },
    "sourceSize": { "w": 40, "h": 68 },
    "duration": 100
   },
   {
    "filename": "Jurassic World_default 7 back up 42.aseprite",
    "frame": { "x": 1188, "y": 0, "w": 44, "h": 72 },
    "rotated": false,
    "trimmed": false,
    "spriteSourceSize": { "x": 0, "y": 0, "w": 40, "h": 68 },
    "sourceSize": { "w": 40, "h": 68 },
    "duration": 100
   },
   {
    "filename": "Jurassic World_default 7 back up 43.aseprite",
    "frame": { "x": 44, "y": 0, "w": 44, "h": 72 },
    "rotated": false,
    "trimmed": false,
    "spriteSourceSize": { "x": 0, "y": 0, "w": 40, "h": 68 },
    "sourceSize": { "w": 40, "h": 68 },
    "duration": 100
   },
   {
    "filename": "Jurassic World_default 7 back up 44.aseprite",
    "frame": { "x": 1276, "y": 0, "w": 44, "h": 72 },
    "rotated": false,
    "trimmed": false,
    "spriteSourceSize": { "x": 0, "y": 0, "w": 40, "h": 68 },
    "sourceSize": { "w": 40, "h": 68 },
    "duration": 100
   },
   {
    "filename": "Jurassic World_default 7 back up 45.aseprite",
    "frame": { "x": 1320, "y": 0, "w": 44, "h": 72 },
    "rotated": false,
    "trimmed": false,
    "spriteSourceSize": { "x": 0, "y": 0, "w": 40, "h": 68 },
    "sourceSize": { "w": 40, "h": 68 },
    "duration": 100
   },
   {
    "filename": "Jurassic World_default 7 back up 46.aseprite",
    "frame": { "x": 1364, "y": 0, "w": 44, "h": 72 },
    "rotated": false,
    "trimmed": false,
    "spriteSourceSize": { "x": 0, "y": 0, "w": 40, "h": 68 },
    "sourceSize": { "w": 40, "h": 68 },
    "duration": 100
   },
   {
    "filename": "Jurassic World_default 7 back up 47.aseprite",
    "frame": { "x": 1408, "y": 0, "w": 44, "h": 72 },
    "rotated": false,
    "trimmed": false,
    "spriteSourceSize": { "x": 0, "y": 0, "w": 40, "h": 68 },
    "sourceSize": { "w": 40, "h": 68 },
    "duration": 100
   },
   {
    "filename": "Jurassic World_default 7 back up 48.aseprite",
    "frame": { "x": 44, "y": 0, "w": 44, "h": 72 },
    "rotated": false,
    "trimmed": false,
    "spriteSourceSize": { "x": 0, "y": 0, "w": 40, "h": 68 },
    "sourceSize": { "w": 40, "h": 68 },
    "duration": 100
   },
   {
    "filename": "Jurassic World_default 7 back up 49.aseprite",
    "frame": { "x": 44, "y": 0, "w": 44, "h": 72 },
    "rotated": false,
    "trimmed": false,
    "spriteSourceSize": { "x": 0, "y": 0, "w": 40, "h": 68 },
    "sourceSize": { "w": 40, "h": 68 },
    "duration": 100
   },
   {
    "filename": "Jurassic World_default 7 back up 50.aseprite",
    "frame": { "x": 1452, "y": 0, "w": 44, "h": 72 },
    "rotated": false,
    "trimmed": false,
    "spriteSourceSize": { "x": 0, "y": 0, "w": 40, "h": 68 },
    "sourceSize": { "w": 40, "h": 68 },
    "duration": 100
   },
   {
    "filename": "Jurassic World_default 7 back up 51.aseprite",
    "frame": { "x": 1452, "y": 0, "w": 44, "h": 72 },
    "rotated": false,
    "trimmed": false,
    "spriteSourceSize": { "x": 0, "y": 0, "w": 40, "h": 68 },
    "sourceSize": { "w": 40, "h": 68 },
    "duration": 100
   },
   {
    "filename": "Jurassic World_default 7 back up 52.aseprite",
    "frame": { "x": 44, "y": 0, "w": 44, "h": 72 },
    "rotated": false,
    "trimmed": false,
    "spriteSourceSize": { "x": 0, "y": 0, "w": 40, "h": 68 },
    "sourceSize": { "w": 40, "h": 68 },
    "duration": 100
   },
   {
    "filename": "Jurassic World_default 7 back up 53.aseprite",
    "frame": { "x": 44, "y": 0, "w": 44, "h": 72 },
    "rotated": false,
    "trimmed": false,
    "spriteSourceSize": { "x": 0, "y": 0, "w": 40, "h": 68 },
    "sourceSize": { "w": 40, "h": 68 },
    "duration": 100
   },
   {
    "filename": "Jurassic World_default 7 back up 54.aseprite",
    "frame": { "x": 44, "y": 0, "w": 44, "h": 72 },
    "rotated": false,
    "trimmed": false,
    "spriteSourceSize": { "x": 0, "y": 0, "w": 40, "h": 68 },
    "sourceSize": { "w": 40, "h": 68 },
    "duration": 100
   },
   {
    "filename": "Jurassic World_default 7 back up 55.aseprite",
    "frame": { "x": 44, "y": 0, "w": 44, "h": 72 },
    "rotated": false,
    "trimmed": false,
    "spriteSourceSize": { "x": 0, "y": 0, "w": 40, "h": 68 },
    "sourceSize": { "w": 40, "h": 68 },
    "duration": 100
   },
   {
    "filename": "Jurassic World_default 7 back up 56.aseprite",
    "frame": { "x": 1496, "y": 0, "w": 44, "h": 72 },
    "rotated": false,
    "trimmed": false,
    "spriteSourceSize": { "x": 0, "y": 0, "w": 40, "h": 68 },
    "sourceSize": { "w": 40, "h": 68 },
    "duration": 100
   }
 ],
 "meta": {
  "app": "http://www.aseprite.org/",
  "version": "1.2.29-x64",
  "image": "default07-sheet.png",
  "format": "RGBA8888",
  "size": { "w": 1540, "h": 72 },
  "scale": "1",
  "frameTags": [
  ],
  "layers": [
   { "name": "trees", "opacity": 255, "blendMode": "normal" },
   { "name": "ground", "opacity": 255, "blendMode": "normal" },
   { "name": "plants 2", "opacity": 255, "blendMode": "normal" },
   { "name": "plants 1", "opacity": 255, "blendMode": "normal" },
   { "name": "bevel", "opacity": 255, "blendMode": "normal" },
   { "name": "owen and blue", "opacity": 255, "blendMode": "normal" },
   { "name": "mask_blue", "opacity": 255, "blendMode": "normal" }
  ],
  "slices": [
  ]
 }
}
