{
  "skins": [
    {
      "localization_name": "DevSteve",
      "geometry": "geometry.humanoid.custom",
      "texture": "steve_dev.png",
      "type": "Free"
    },
    {
      "localization_name": "DevAlex",
      "geometry": "geometry.humanoid.customSlim",
      "texture": "alex_dev.png",
      "type": "Free"
    },
    {
      "localization_name": "OceanEngineer",
      "geometry": "geometry.humanoid.custom",
      "texture": "MCOceanEngineer.png",
      "type": "Free"
    },
    {
      "localization_name": "ForestFighter",
      "geometry": "geometry.humanoid.custom",
      "texture": "MCForestFighter.png",
      "type": "Free"
    },
    {
      "localization_name": "IcePioneer",
      "geometry": "geometry.humanoid.custom",
      "texture": "MCIcePioneer.png",
      "type": "Free"
    },
    {
      "localization_name": "MesaArtisan",
      "geometry": "geometry.humanoid.custom",
      "texture": "MCMesaArtisan.png",
      "type": "Free"
    },
    {
      "localization_name": "SteveCake",
      "geometry": "geometry.humanoid.custom",
      "texture": "MCSteveCake.png",
      "type": "Free"
    },
    {
      "localization_name": "AlexGlobe",
      "geometry": "geometry.humanoid.customSlim",
      "texture": "MCAlexGlobe.png",
      "type": "Free"
    },
    {
      "localization_name": "SheepBlue",
      "geometry": "geometry.humanoid.custom",
      "texture": "MCSheepBlue.png",
      "type": "Free"
    },
    {
      "localization_name": "CardboardCos",
      "geometry": "geometry.humanoid.custom",
      "texture": "MCCardboardCos.png",
      "type": "Free"
    },
    {
      "localization_name": "PartyAlex",
      "geometry": "geometry.humanoid.customSlim",
      "texture": "MCPartyAlex.png",
      "type": "Free"
    },
    {
      "localization_name": "PartySteve",
      "geometry": "geometry.humanoid.custom",
      "texture": "MCPartySteve.png",
      "type": "Free"
    },
    {
      "localization_name": "Pinata",
      "geometry": "geometry.humanoid.custom",
      "texture": "MCPinata.png",
      "type": "Free"
    },
    {
      "localization_name": "CreeperCos",
      "geometry": "geometry.humanoid.custom",
      "texture": "MCCreeperCos.png",
      "type": "Free"
    },
    {
      "localization_name": "MojangNotch",
      "geometry": "geometry.humanoid.custom",
      "texture": "notch.png",
      "cape": "skin_packs/KeeCapes/MojangCape.png",
      "type": "Free"
    },
    {
      "localization_name": "Mojang1",
      "geometry": "geometry.humanoid.custom",
      "texture": "skin_1.png",
      "cape": "skin_packs/KeeCapes/MojangCape.png",
      "type": "Free"
    },
    {
      "localization_name": "Mojang20161",
      "geometry": "geometry.humanoid.custom",
      "texture": "skin_1.png",
      "cape": "skin_packs/KeeCapes/MojangCape2016.png",
      "type": "Free"
    },
    {
      "localization_name": "Xmas20101",
      "geometry": "geometry.humanoid.custom",
      "texture": "skin_1.png",
      "cape": "skin_packs/KeeCapes/XmasCape.png",
      "type": "Free"
    },
    {
      "localization_name": "NewYear20111",
      "geometry": "geometry.humanoid.custom",
      "texture": "skin_1.png",
      "cape": "skin_packs/KeeCapes/NewYear2011.png",
      "type": "Free"
    },
    {
      "localization_name": "BirthdayCape20131",
      "geometry": "geometry.humanoid.custom",
      "texture": "skin_1.png",
      "cape": "skin_packs/KeeCapes/BirthdayCape2013.png",
      "type": "Free"
    },
    {
      "localization_name": "Minecon20111",
      "geometry": "geometry.humanoid.custom",
      "texture": "skin_1.png",
      "cape": "skin_packs/KeeCapes/MC2011Cape.png",
      "type": "Free"
    },
    {
      "localization_name": "MineconBlue1",
      "geometry": "geometry.humanoid.custom",
      "texture": "skin_1.png",
      "cape": "skin_packs/KeeCapes/MC2011CapeBlue.png",
      "type": "Free"
    },
    {
      "localization_name": "Minecon20121",
      "geometry": "geometry.humanoid.custom",
      "texture": "skin_1.png",
      "cape": "skin_packs/KeeCapes/MC2012Cape.png",
      "type": "Free"
    },
    {
      "localization_name": "Minecon20131",
      "geometry": "geometry.humanoid.custom",
      "texture": "skin_1.png",
      "cape": "skin_packs/KeeCapes/MC2013Cape.png",
      "type": "Free"
    },
    {
      "localization_name": "Minecon20151",
      "geometry": "geometry.humanoid.custom",
      "texture": "skin_1.png",
      "cape": "skin_packs/KeeCapes/MC2015Cape.png",
      "type": "Free"
    },
    {
      "localization_name": "Minecon20161",
      "geometry": "geometry.humanoid.custom",
      "texture": "skin_1.png",
      "cape": "skin_packs/KeeCapes/MC2016Cape.png",
      "type": "Free"
    },
    {
      "localization_name": "MineconUnused11",
      "geometry": "geometry.humanoid.custom",
      "texture": "skin_1.png",
      "cape": "skin_packs/KeeCapes/MCUnusedCape1.png",
      "type": "Free"
    },
    {
      "localization_name": "MineconUnused21",
      "geometry": "geometry.humanoid.custom",
      "texture": "skin_1.png",
      "cape": "skin_packs/KeeCapes/MCUnusedCape2.png",
      "type": "Free"
    },
    {
      "localization_name": "MineconUnused31",
      "geometry": "geometry.humanoid.custom",
      "texture": "skin_1.png",
      "cape": "skin_packs/KeeCapes/MCUnusedCape3.png",
      "type": "Free"
    },
    {
      "localization_name": "Minecon20191",
      "geometry": "geometry.humanoid.custom",
      "texture": "skin_1.png",
      "cape": "skin_packs/KeeCapes/MCLive2019Cape.png",
      "type": "Free"
    },
    {
      "localization_name": "Pancape1",
      "geometry": "geometry.humanoid.custom",
      "texture": "skin_1.png",
      "cape": "skin_packs/KeeCapes/PancapeCape.png",
      "type": "Free"
    },
    {
      "localization_name": "Custom11",
      "geometry": "geometry.humanoid.custom",
      "texture": "skin_1.png",
      "cape": "skin_packs/KeeCapes/CustomCape_1.png",
      "type": "Free"
    },
    {
      "localization_name": "Custom21",
      "geometry": "geometry.humanoid.custom",
      "texture": "skin_1.png",
      "cape": "skin_packs/KeeCapes/CustomCape_2.png",
      "type": "Free"
    },
    {
      "localization_name": "Custom31",
      "geometry": "geometry.humanoid.custom",
      "texture": "skin_1.png",
      "cape": "skin_packs/KeeCapes/CustomCape_3.png",
      "type": "Free"
    },
    {
      "localization_name": "BaconCape1",
      "geometry": "geometry.humanoid.custom",
      "texture": "skin_1.png",
      "cape": "skin_packs/KeeCapes/BaconCape.png",
      "type": "Free"
    },
    {
      "localization_name": "Millionth1",
      "geometry": "geometry.humanoid.custom",
      "texture": "skin_1.png",
      "cape": "skin_packs/KeeCapes/MillionthCustomerCape.png",
      "type": "Free"
    },
    {
      "localization_name": "danny1",
      "geometry": "geometry.humanoid.custom",
      "texture": "skin_1.png",
      "cape": "skin_packs/KeeCapes/dannyBstyleCape.png",
      "type": "Free"
    },
    {
      "localization_name": "JulianClark1",
      "geometry": "geometry.humanoid.custom",
      "texture": "skin_1.png",
      "cape": "skin_packs/KeeCapes/JulianClarkCape.png",
      "type": "Free"
    },
    {
      "localization_name": "cheapsh0tCape1",
      "geometry": "geometry.humanoid.custom",
      "texture": "skin_1.png",
      "cape": "skin_packs/KeeCapes/cheapsh0tCape.png",
      "type": "Free"
    },
    {
      "localization_name": "MrMessiah1",
      "geometry": "geometry.humanoid.custom",
      "texture": "skin_1.png",
      "cape": "skin_packs/KeeCapes/MrMessiahCape.png",
      "type": "Free"
    },
    {
      "localization_name": "Prismarine1",
      "geometry": "geometry.humanoid.custom",
      "texture": "skin_1.png",
      "cape": "skin_packs/KeeCapes/Prismarine.png",
      "type": "Free"
    },
    {
      "localization_name": "Turtle1",
      "geometry": "geometry.humanoid.custom",
      "texture": "skin_1.png",
      "cape": "skin_packs/KeeCapes/TurtleCape.png",
      "type": "Free"
    },
    {
      "localization_name": "CrowdinCape1",
      "geometry": "geometry.humanoid.custom",
      "texture": "skin_1.png",
      "cape": "skin_packs/KeeCapes/CrowdinCape.png",
      "type": "Free"
    },
    {
      "localization_name": "ChineseCrowdinCape1",
      "geometry": "geometry.humanoid.custom",
      "texture": "skin_1.png",
      "cape": "skin_packs/KeeCapes/ChineseCrowdinCape.png",
      "type": "Free"
    },
    {
      "localization_name": "Scrolls1",
      "geometry": "geometry.humanoid.custom",
      "texture": "skin_1.png",
      "cape": "skin_packs/KeeCapes/ScrollsCape.png",
      "type": "Free"
    },
    {
      "localization_name": "CobaltCape1",
      "geometry": "geometry.humanoid.custom",
      "texture": "skin_1.png",
      "cape": "skin_packs/KeeCapes/CobaltCape.png",
      "type": "Free"
    },
    {
      "localization_name": "MojiraModCape1",
      "geometry": "geometry.humanoid.custom",
      "texture": "skin_1.png",
      "cape": "skin_packs/KeeCapes/MojiraModCape.png",
      "type": "Free"
    },
    {
      "localization_name": "RealmsMapmaker1",
      "geometry": "geometry.humanoid.custom",
      "texture": "skin_1.png",
      "cape": "skin_packs/KeeCapes/RealmsMapmakerCape.png",
      "type": "Free"
    },
    {
      "localization_name": "Earth1",
      "geometry": "geometry.humanoid.custom",
      "texture": "skin_1.png",
      "cape": "skin_packs/KeeCapes/Earth.png",
      "type": "Free"
    },
    {
      "localization_name": "Portal1",
      "geometry": "geometry.humanoid.custom",
      "texture": "skin_1.png",
      "cape": "skin_packs/KeeCapes/Portal.png",
      "type": "Free"
    },
    {
      "localization_name": "Skull1",
      "geometry": "geometry.humanoid.custom",
      "texture": "skin_1.png",
      "cape": "skin_packs/KeeCapes/Skull.png",
      "type": "Free"
    },
    {
      "localization_name": "Trophy1",
      "geometry": "geometry.humanoid.custom",
      "texture": "skin_1.png",
      "cape": "skin_packs/KeeCapes/Trophy.png",
      "type": "Free"
    },
    {
      "localization_name": "Scratch1",
      "geometry": "geometry.humanoid.custom",
      "texture": "skin_1.png",
      "cape": "skin_packs/KeeCapes/Scratch.png",
      "type": "Free"
    },
    {
      "localization_name": "Optifine1",
      "geometry": "geometry.humanoid.custom",
      "texture": "skin_1.png",
      "cape": "skin_packs/KeeCapes/OptifineCape.png",
      "type": "Free"
    },
    {
      "localization_name": "OptifineBlue1",
      "geometry": "geometry.humanoid.custom",
      "texture": "skin_1.png",
      "cape": "skin_packs/KeeCapes/OptifineCapeBlue.png",
      "type": "Free"
    },
    {
      "localization_name": "Flash1",
      "geometry": "geometry.humanoid.custom",
      "texture": "skin_1.png",
      "cape": "skin_packs/KeeCapes/FlashCape.png",
      "type": "Free"
    },
    {
      "localization_name": "GreenLantern1",
      "geometry": "geometry.humanoid.custom",
      "texture": "skin_1.png",
      "cape": "skin_packs/KeeCapes/GreenLanternCape.png",
      "type": "Free"
    },
    {
      "localization_name": "Batman1",
      "geometry": "geometry.humanoid.custom",
      "texture": "skin_1.png",
      "cape": "skin_packs/KeeCapes/BatmanCape.png",
      "type": "Free"
    },
    {
      "localization_name": "Symbiote1",
      "geometry": "geometry.humanoid.custom",
      "texture": "skin_1.png",
      "cape": "skin_packs/KeeCapes/SymbioteCape.png",
      "type": "Free"
    },
    {
    }
  ],
  "serialize_localization_name": "KeeCapes",
  "localization_name": "KeeCapes"
}