{
  "treatment_store_button_content": {
    "type": "panel",
    "controls": [
      {
        "button_label@common_buttons.new_ui_binding_button_label": {
          "layer": 50
        }
      },
      {
        "Clouds01": {
          "type": "image",
          "texture": "textures/ui/Clouds01",
          "size": [ 38, 12 ],
          "anchor_from": "top_left",
          "anchor_to": "top_left",
          "offset": [ -3, -2 ],
          "layer": 5,
          "ignored": "(not $default_state)",
          "uv_size": [ 76, 24 ],
          "uv": "@start.Clouds01_animation",
          "disable_anim_fast_forward": true
          
        }
      },
      {
        "Clouds02": {
          "type": "image",
          "texture": "textures/ui/Clouds02",
          "size": [ 38, 12 ],
          "anchor_from": "top_left",
          "anchor_to": "top_left",
          "offset": [ 34, -2 ],
          "layer": 5,
          "ignored": "(not $default_state)",
          "uv_size": [ 76, 24 ],
          "uv": "@start.Clouds02_animation",
          "disable_anim_fast_forward": true
          
        }
      },
      {
        "Clouds03": {
          "type": "image",
          "texture": "textures/ui/Clouds03",
          "size": [ 38, 12 ],
          "anchor_from": "top_left",
          "anchor_to": "top_left",
          "offset": [ 71, -2 ],
          "layer": 5,
          "ignored": "(not $default_state)",
          "uv_size": [ 76, 24 ],
          "uv": "@start.Clouds03_animation",
          "disable_anim_fast_forward": true
          
        }
      },
      {
        "Clouds04": {
          "type": "image",
          "texture": "textures/ui/Clouds04",
          "size": [ 37, 15 ],
          "anchor_from": "top_left",
          "anchor_to": "top_left",
          "offset": [ 108, -5 ],
          "layer": 5,
          "ignored": "(not $default_state)",
          "uv_size": [ 74, 30 ],
          "uv": "@start.Clouds04_animation",
          "disable_anim_fast_forward": true
          
        }
      },      
      {
        "Clouds01_Hover": {
          "type": "image",
          "texture": "textures/ui/Clouds01_Hover",
          "size": [ 38, 12 ],
          "anchor_from": "top_left",
          "anchor_to": "top_left",
          "offset": [ -3, -2 ],
          "layer": 5,
          "ignored": "($default_state)",
          "uv_size": [ 76, 24 ],
          "uv": "@start.Clouds01_Hover_animation",
          "disable_anim_fast_forward": true
          
        }
      },
      {
        "Clouds02_Hover": {
          "type": "image",
          "texture": "textures/ui/Clouds02_Hover",
          "size": [ 38, 12 ],
          "anchor_from": "top_left",
          "anchor_to": "top_left",
          "offset": [ 34, -2 ],
          "layer": 5,
          "ignored": "($default_state)",
          "uv_size": [ 76, 24 ],
          "uv": "@start.Clouds02_Hover_animation",
          "disable_anim_fast_forward": true
          
        }
      },
      {
        "Clouds03_Hover": {
          "type": "image",
          "texture": "textures/ui/Clouds03_Hover",
          "size": [ 38, 12 ],
          "anchor_from": "top_left",
          "anchor_to": "top_left",
          "offset": [ 71, -2 ],
          "layer": 5,
          "ignored": "($default_state)",
          "uv_size": [ 76, 24 ],
          "uv": "@start.Clouds03_Hover_animation",
          "disable_anim_fast_forward": true
          
        }
      },
      {
        "Clouds04_Hover": {
          "type": "image",
          "texture": "textures/ui/Clouds04_Hover",
          "size": [ 37, 12 ],
          "anchor_from": "top_left",
          "anchor_to": "top_left",
          "offset": [ 108, -2 ],
          "layer": 5,
          "ignored": "($default_state)",
          "uv_size": [ 74, 24 ],
          "uv": "@start.Clouds04_Hover_animation",
          "disable_anim_fast_forward": true
          
        }
      },
      {
        "Mickey_Default": {
          "type": "image",
          "texture": "textures/ui/Mickey_Default",
          "size": [ 38, 31 ],
          "anchor_from": "top_left",
          "anchor_to": "top_left",
          "offset": [ -2, -5 ],
          "layer": 20,
          "ignored": "(not $default_state)",
          "uv_size": [ 76, 62 ],
          "uv": "@start.Mickey_Default_animation",
          "disable_anim_fast_forward": true
          
        }
      },
      {
        "Mickey_Hover": {
          "type": "image",
          "texture": "textures/ui/Mickey_Hover",
          "size": [ 38, 31 ],
          "anchor_from": "top_left",
          "anchor_to": "top_left",
          "offset": [ -2, -5 ],
          "layer": 20,
          "ignored": "($default_state)",
          "uv_size": [ 76, 62 ],
          "uv": "@start.Mickey_Hover_animation",
          "disable_anim_fast_forward": true
          
        }
      },
      {
        "Fireworks01": {
          "type": "image",
          "texture": "textures/ui/Fireworks01",
          "size": [ 26, 31 ],
          "anchor_from": "top_right",
          "anchor_to": "top_right",
          "offset": [ -20, -5 ],
          "layer": 20,
          "ignored": "($default_state)",
          "uv_size": [ 52, 62 ],
          "uv": "@start.Fireworks01_animation",
          "disable_anim_fast_forward": true
          
        }
      },
      {
        "Fireworks02": {
          "type": "image",
          "texture": "textures/ui/Fireworks02",
          "size": [ 26, 31 ],
          "anchor_from": "top_right",
          "anchor_to": "top_right",
          "offset": [ 5, -5 ],
          "layer": 20,
          "ignored": "($default_state)",
          "uv_size": [ 52, 62 ],
          "uv": "@start.Fireworks02_animation",
          "disable_anim_fast_forward": true
          
        }
      }
    ]
  },



  "Clouds01_animation": {
    "anim_type": "aseprite_flip_book",
    "initial_uv": [ 0, 0 ]
  },
  "Clouds02_animation": {
    "anim_type": "aseprite_flip_book",
    "initial_uv": [ 0, 0 ]
  },
  "Clouds03_animation": {
    "anim_type": "aseprite_flip_book",
    "initial_uv": [ 0, 0 ]
  },
  "Clouds04_animation": {
    "anim_type": "aseprite_flip_book",
    "initial_uv": [ 0, 0 ]
  },
  "Clouds01_Hover_animation": {
    "anim_type": "aseprite_flip_book",
    "initial_uv": [ 0, 0 ]
  },
  "Clouds02_Hover_animation": {
    "anim_type": "aseprite_flip_book",
    "initial_uv": [ 0, 0 ]
  },
  "Clouds03_Hover_animation": {
    "anim_type": "aseprite_flip_book",
    "initial_uv": [ 0, 0 ]
  },
  "Clouds04_Hover_animation": {
    "anim_type": "aseprite_flip_book",
    "initial_uv": [ 0, 0 ]
  },
  "Fireworks01_animation": {
    "anim_type": "aseprite_flip_book",
    "initial_uv": [ 0, 0 ]
  },
  "Fireworks02_animation": {
    "anim_type": "aseprite_flip_book",
    "initial_uv": [ 0, 0 ]
  },
  "Mickey_Default_animation": {
    "anim_type": "aseprite_flip_book",
    "initial_uv": [ 0, 0 ]
  },
  "Mickey_Hover_animation": {
    "anim_type": "aseprite_flip_book",
    "initial_uv": [ 0, 0 ]
  },

  
  "store_button_stack@start.stacked_row": {
    "controls": [
      {
        "store_button@start.treatment_store_button": {
          "enabled": "(not $store_disabled)",
          "$default_button_texture": "textures/ui/Sky_Default",
          "$hover_button_texture": "textures/ui/Sky_Hover",
          "$pressed_button_texture": "textures/ui/Sky_Hover",
          "$default_text_color": [ 0.106, 0.102, 0.129 ],
          "$light_button_hover_text_color": [ 1, 0.286, 0.749 ],
          "$light_button_pressed_text_color": [ 1, 1, 1 ],
          "$light_border_default_color": [ 0.106, 0.102, 0.129 ],
          "$light_border_hover_color": [ 0.4, 0.518, 0.882 ],
          "$light_border_pressed_color": [ 1, 1, 1 ]
        }
      }
    ]
  },
  "treatment_store_button@common_buttons.light_content_button": {
    "size": [
      "100% - 2px",
      "100% - 2px"
    ],
    "$pressed_button_name": "button.menu_store",
    "$button_text": "menu.store",
    "$button_content": "start.treatment_store_button_content",
    "$button_text_binding_type": "none",
    "$button_binding_condition": "none",
    "$button_text_grid_collection_name": "",
    "tts_inherit_siblings": true,
    "$button_pressed_offset": [
      0,
      0
    ]
  },
  "main_buttons_panel": {
    "type": "panel",
    "size": [
      150,
      "100%c"
    ],
    "controls": [
      {
        "stacked_rows": {
          "type": "stack_panel",
          "size": [
            "100%",
            "100%c"
          ],
          "anchor_from": "bottom_middle",
          "anchor_to": "bottom_middle",
          "controls": [
            {
              "stacked_row_0@start.stacked_row": {
                "ignored": "(not $play_button_visible)",
                "controls": [
                  {
                    "play_button@start.play_button": {}
                  }
                ]
              }
            },
            {
              "course@start.stacked_row": {
                "ignored": "$courses_ignored",
                "controls": [
                  {
                    "course_button@start.course_button": {}
                  }
                ]
              }
            },
            {
              "featured_world@start.stacked_row": {
                "ignored": "$featured_world_ignored",
                "controls": [
                  {
                    "featured_world_button@start.featured_world_button": {}
                  }
                ]
              }
            },
            {
              "stacked_row_2@start.stacked_row": {
                "ignored": "(not $trial or $use_single_column_for_buttons)",
                "controls": [
                  {
                    "stacked_columns": {
                      "type": "stack_panel",
                      "size": [
                        "100%",
                        "100%"
                      ],
                      "orientation": "horizontal",
                      "controls": [
                        {
                          "stacked_col_0": {
                            "type": "panel",
                            "size": [
                              "fill",
                              "100%"
                            ],
                            "controls": [
                              {
                                "settings_button@start.settings_button": {}
                              }
                            ]
                          }
                        },
                        {
                          "stacked_col_1": {
                            "type": "panel",
                            "size": [
                              "fill",
                              "100%"
                            ],
                            "ignored": "($store_ignored)",
                            "controls": [
                              {
                                "store_button@start.store_button": {
                                  "enabled": "(not $store_disabled)"
                                }
                              },
                              {
                                "update_icon@start.update_prompt_icon": {
                                  "size": [
                                    "52.38%y",
                                    15
                                  ],
                                  "offset": [
                                    -16,
                                    -6
                                  ],
                                  "bindings": [
                                    {
                                      "binding_name": "#update_icon_visible",
                                      "binding_name_override": "#visible",
                                      "binding_condition": "always"
                                    }
                                  ]
                                }
                              },
                              {
                                "new_offers_icon@start.new_offers_icon": {
                                  "offset": [
                                    8,
                                    -6
                                  ],
                                  "anchor_from": "top_right",
                                  "anchor_to": "top_right",
                                  "bindings": [
                                    {
                                      "binding_name": "#new_offers",
                                      "binding_name_override": "#visible"
                                    }
                                  ]
                                }
                              }
                            ]
                          }
                        }
                      ]
                    }
                  }
                ]
              }
            },
            {
              "settings@start.stacked_row": {
                "ignored": "($trial and not $use_single_column_for_buttons)",
                "controls": [
                  {
                    "settings_button@start.settings_button": {}
                  }
                ]
              }
            },
            {
              "switch_accounts_row@start.stacked_row": {
                "ignored": "$switch_accounts_ignored",
                "controls": [
                  {
                    "switch_accounts@start.switch_accounts_button": {}
                  }
                ]
              }
            },
            {
              "store@start.store_button_stack": {
                "ignored": "(($trial and not $use_single_column_for_buttons) or ($store_ignored))"
              }
            },
            {
              "buy_game@start.stacked_row": {
                "controls": [
                  {
                    "buy_game_button@start.buy_game_button": {}
                  }
                ],
                "bindings": [
                  {
                    "binding_name": "#buy_game_visible",
                    "binding_name_override": "#visible"
                  }
                ]
              }
            },
            {
              "launch_editions@start.stacked_row": {
                "ignored": "($trial or not $supports_launching_legacy_version)",
                "controls": [
                  {
                    "launch_editions_button@start.launch_editions_button": {}
                  }
                ],
                "bindings": [
                  {
                    "binding_name": "#editions_visible",
                    "binding_name_override": "#visible"
                  }
                ]
              }
            }
          ]
        }
      }
    ]
  }
}